dt,LandAverageTemperature,LandAverageTemperatureUncertainty,LandAndOceanAverageTemperature,LandAndOceanAverageTemperatureUncertainty
1850-01-01,0.7490000000000000,1.105,12.833000000000000,0.3670000000000000
1850-02-01,3.071,1.275,13.588,0.414
1850-03-01,4.954,0.955,14.043,0.341
1850-04-01,7.2170000000000000,0.665,14.667,0.267
1850-05-01,10.004,0.617,15.507,0.249
1850-06-01,13.15,0.614,16.353000000000000,0.245
1850-07-01,14.492,0.614,16.783,0.238
1850-08-01,14.039000000000000,0.802,16.718,0.28
1850-09-01,11.505,0.675,15.886,0.254
1850-10-01,8.091000000000000,0.863,14.831,0.297
1850-11-01,4.7330000000000000,1.149,13.897,0.368
1850-12-01,2.803,1.183,13.3,0.378
1851-01-01,2.431,1.122,13.245,0.362
1851-02-01,2.508,1.1,13.331,0.361
1851-03-01,4.192,0.971,13.897,0.33
1851-04-01,7.287000000000000,0.8290000000000000,14.64,0.298
1851-05-01,11.113,0.936,15.771,0.322
1851-06-01,13.418,0.655,16.496000000000000,0.261
1851-07-01,14.531000000000000,0.606,16.831,0.244
1851-08-01,13.751,0.775,16.621000000000000,0.276
1851-09-01,11.677,0.581,16.058,0.25
1851-10-01,9.122,1.058,15.213,0.358
1851-11-01,4.973,0.968,14.161,0.344
1851-12-01,3.14,0.982,13.638,0.339
1852-01-01,2.3760000000000000,1.389,13.231,0.438
1852-02-01,2.54,1.115,13.311,0.371
1852-03-01,3.884,0.915,13.736,0.317
1852-04-01,7.487000000000000,1.158,14.786,0.377
1852-05-01,11.169,0.855,15.899000000000000,0.298
1852-06-01,13.164000000000000,0.636,16.619,0.243
1852-07-01,14.512,0.778,16.984,0.278
1852-08-01,13.304,0.7660000000000000,16.566,0.277
1852-09-01,11.478,0.6890000000000000,16.038,0.261
1852-10-01,8.91,0.654,15.178000000000000,0.25
1852-11-01,4.593,0.693,13.948,0.26
1852-12-01,3.785,1.371,13.782,0.4270000000000000
1853-01-01,1.786,1.108,13.143,0.35600000000000000
1853-02-01,2.228,1.492,13.362,0.457
1853-03-01,4.078,0.918,14.033,0.306
1853-04-01,7.541000000000000,0.8240000000000000,14.919,0.28300000000000000
1853-05-01,10.975,0.743,15.793,0.261
1853-06-01,13.41,0.674,16.455000000000000,0.24
1853-07-01,14.645,0.659,16.999000000000000,0.238
1853-08-01,13.953,0.723,16.789,0.25
1853-09-01,11.71,0.7490000000000000,15.942,0.259
1853-10-01,8.535,0.546,14.874,0.211
1853-11-01,4.783,0.868,13.829,0.29
1853-12-01,2.858,0.716,13.324000000000000,0.255
1854-01-01,1.281,0.977,12.983,0.313
1854-02-01,1.941,1.08,13.248,0.342
1854-03-01,4.698,0.789,14.089,0.267
1854-04-01,7.622000000000000,0.674,14.945,0.242
1854-05-01,11.095,0.638,15.793,0.233
1854-06-01,12.829,0.5330000000000000,16.286000000000000,0.206
1854-07-01,14.692,0.85,16.775000000000000,0.282
1854-08-01,13.889000000000000,0.898,16.707,0.28800000000000000
1854-09-01,11.514000000000000,0.552,16.098,0.21
1854-10-01,9.763,0.964,15.378,0.309
1854-11-01,5.745,0.7860000000000000,14.123,0.261
1854-12-01,3.457,1.167,13.467,0.364
1855-01-01,2.522,1.465,13.384,0.442
1855-02-01,2.982,1.3220000000000000,13.646000000000000,0.402
1855-03-01,4.617,0.898,14.172,0.294
1855-04-01,8.58,1.034,15.187000000000000,0.328
1855-05-01,11.186,0.799,15.822000000000000,0.267
1855-06-01,12.984000000000000,0.79,16.445,0.264
1855-07-01,13.926000000000000,0.635,16.675,0.225
1855-08-01,13.547,0.601,16.685000000000000,0.214
1855-09-01,11.141000000000000,0.638,15.829,0.226
1855-10-01,8.444000000000000,0.778,15.075,0.264
1855-11-01,5.186,0.69,14.118,0.246
1855-12-01,2.214,0.996,13.215,0.322
1856-01-01,2.76,0.752,13.368,0.261
1856-02-01,2.226,0.953,13.311,0.306
1856-03-01,4.372,0.735,13.957,0.252
1856-04-01,7.751000000000000,0.57,14.945,0.217
1856-05-01,10.53,0.915,15.813000000000000,0.29600000000000000
1856-06-01,13.496,0.778,16.492,0.264
1856-07-01,14.019,0.422,16.675,0.185
1856-08-01,13.021000000000000,0.866,16.39,0.285
1856-09-01,10.948,0.884,15.641000000000000,0.289
1856-10-01,8.087,0.759,14.783,0.256
1856-11-01,5.36,0.5770000000000000,13.856,0.211
1856-12-01,3.3810000000000000,0.918,13.321,0.3
1857-01-01,1.821,0.924,12.972000000000000,0.3
1857-02-01,2.481,0.885,13.385000000000000,0.29
1857-03-01,4.312,0.8440000000000000,13.916000000000000,0.278
1857-04-01,6.827000000000000,0.5430000000000000,14.481,0.212
1857-05-01,9.885,0.6810000000000000,15.279000000000000,0.241
1857-06-01,12.611,0.7980000000000000,16.175,0.267
1857-07-01,13.953,0.792,16.478000000000000,0.266
1857-08-01,13.203,0.795,16.459,0.266
1857-09-01,11.056,0.672,15.84,0.241
1857-10-01,8.198,0.726,14.918,0.255
1857-11-01,5.236000000000000,0.636,13.829,0.241
1857-12-01,3.515,0.7170000000000000,13.367,0.26
1858-01-01,2.739,1.094,13.221000000000000,0.34700000000000000
1858-02-01,2.2840000000000000,0.662,13.29,0.236
1858-03-01,4.834,0.757,14.044,0.255
1858-04-01,8.25,0.6610000000000000,14.967,0.239
1858-05-01,10.851,0.624,15.541000000000000,0.231
1858-06-01,12.956,0.688,16.172,0.248
1858-07-01,13.677,0.754,16.51,0.266
1858-08-01,13.22,0.5580000000000000,16.489,0.21600000000000000
1858-09-01,11.148,0.517,15.833,0.213
1858-10-01,8.810000000000000,0.62,15.114,0.246
1858-11-01,5.99,0.774,14.134,0.276
1858-12-01,2.444,0.688,13.263,0.249
1859-01-01,2.015,1.007,13.058,0.326
1859-02-01,2.611,1.0,13.33,0.327
1859-03-01,5.023,0.916,14.104000000000000,0.312
1859-04-01,8.542,0.617,15.197000000000000,0.246
1859-05-01,11.456,0.616,15.868,0.238
1859-06-01,13.142000000000000,0.514,16.400000000000000,0.226
1859-07-01,13.827,0.5670000000000000,16.494,0.234
1859-08-01,13.217,0.468,16.45,0.205
1859-09-01,11.080000000000000,0.365,15.589,0.204
1859-10-01,8.834,0.638,15.062,0.25
1859-11-01,5.912000000000000,0.5720000000000000,14.094000000000000,0.244
1859-12-01,3.365,0.816,13.513,0.287
1860-01-01,2.077,0.86,13.17,0.294
1860-02-01,2.6320000000000000,0.75,13.424,0.275
1860-03-01,3.4940000000000000,0.87,13.714,0.302
1860-04-01,7.76,0.46,14.861,0.209
1860-05-01,11.062000000000000,0.7440000000000000,15.758,0.276
1860-06-01,13.272000000000000,0.5480000000000000,16.338,0.24
1860-07-01,14.203,0.471,16.737000000000000,0.221
1860-08-01,13.765,0.503,16.634,0.234
1860-09-01,11.892000000000000,0.535,16.133,0.242
1860-10-01,8.712,0.466,15.076000000000000,0.223
1860-11-01,5.027,0.555,13.922,0.233
1860-12-01,1.6340000000000000,0.75,12.828,0.277
1861-01-01,0.4040000000000000,0.846,12.475,0.299
1861-02-01,2.137,0.755,12.917000000000000,0.28
1861-03-01,4.489,0.759,13.824000000000000,0.3
1861-04-01,7.487000000000000,0.6990000000000000,15.018,0.29100000000000000
1861-05-01,10.516000000000000,0.5380000000000000,15.489,0.277
1861-06-01,13.017000000000000,0.7980000000000000,16.358,0.319
1861-07-01,13.967,0.477,16.547,0.261
1861-08-01,13.656000000000000,0.5760000000000000,16.716000000000000,0.264
1861-09-01,11.409,0.501,15.927,0.243
1861-10-01,8.475,0.494,14.905,0.244
1861-11-01,5.707000000000000,0.482,14.095,0.24
1861-12-01,2.8940000000000000,0.916,13.337,0.324
1862-01-01,0.685,1.105,12.658,0.378
1862-02-01,1.769,0.7120000000000000,13.192,0.295
1862-03-01,4.485,0.6610000000000000,14.044,0.284
1862-04-01,7.323000000000000,0.8270000000000000,14.825,0.316
1862-05-01,10.739,0.58,15.708,0.26
1862-06-01,12.86,0.535,16.349,0.244
1862-07-01,13.928000000000000,0.445,16.593,0.232
1862-08-01,13.188000000000000,0.504,16.306000000000000,0.247
1862-09-01,11.028,0.519,15.788,0.245
1862-10-01,8.283,0.618,14.902,0.269
1862-11-01,4.792,0.7510000000000000,13.784,0.31
1862-12-01,1.6230000000000000,1.01,12.732000000000000,0.3720000000000000
1863-01-01,3.0340000000000000,1.228,13.296,0.417
1863-02-01,3.253,1.099,13.634,0.389
1863-03-01,4.6820000000000000,0.7830000000000000,14.006000000000000,0.312
1863-04-01,7.931000000000000,0.792,15.01,0.319
1863-05-01,11.081,0.687,15.823,0.281
1863-06-01,12.794,0.542,16.224,0.266
1863-07-01,13.765,0.642,16.575,0.301
1863-08-01,13.294,0.523,16.437,0.276
1863-09-01,11.23,0.556,15.898,0.28300000000000000
1863-10-01,8.235,0.521,14.978,0.278
1863-11-01,5.392,0.515,13.992,0.287
1863-12-01,2.6510000000000000,1.088,13.356,0.387
1864-01-01,1.551,0.8760000000000000,12.879000000000000,0.332
1864-02-01,2.506,1.05,13.275,0.3720000000000000
1864-03-01,4.651,0.767,13.99,0.307
1864-04-01,7.515,0.622,14.83,0.29100000000000000
1864-05-01,10.956,0.531,15.851,0.282
1864-06-01,13.365,0.73,16.490000000000000,0.285
1864-07-01,14.162,0.57,16.715,0.256
1864-08-01,13.434000000000000,0.5660000000000000,16.494,0.25
1864-09-01,11.37,0.546,15.85,0.271
1864-10-01,8.795,0.484,14.972,0.251
1864-11-01,5.232,0.6990000000000000,14.141000000000000,0.281
1864-12-01,2.266,0.6760000000000000,13.271000000000000,0.276
1865-01-01,2.975,0.956,13.503,0.348
1865-02-01,2.1520000000000000,0.8320000000000000,13.506000000000000,0.329
1865-03-01,4.039,0.768,13.914000000000000,0.32300000000000000
1865-04-01,7.314000000000000,0.643,14.861,0.3
1865-05-01,10.917,0.488,15.756000000000000,0.27
1865-06-01,13.214,0.586,16.414,0.277
1865-07-01,14.22,0.542,16.749000000000000,0.292
1865-08-01,13.58,0.535,16.657,0.287
1865-09-01,11.797,0.5540000000000000,16.082,0.29
1865-10-01,9.136000000000000,0.444,15.157,0.28600000000000000
1865-11-01,6.144,0.71,14.101000000000000,0.316
1865-12-01,2.6460000000000000,0.888,13.26,0.333
1866-01-01,2.932,0.861,13.467,0.325
1866-02-01,2.274,0.8540000000000000,13.586000000000000,0.328
1866-03-01,4.421,0.711,13.95,0.309
1866-04-01,7.914,0.531,14.713,0.267
1866-05-01,10.898,0.5660000000000000,15.63,0.279
1866-06-01,12.853,0.4320000000000000,16.596,0.258
1866-07-01,14.602,0.44,17.06,0.259
1866-08-01,13.532,0.629,16.695,0.28800000000000000
1866-09-01,11.527000000000000,0.496,15.918,0.272
1866-10-01,8.506,0.512,15.062,0.28
1866-11-01,5.8950000000000000,0.526,14.275,0.269
1866-12-01,4.152,0.7140000000000000,13.732,0.299
1867-01-01,2.4820000000000000,0.941,13.371,0.364
1867-02-01,2.664,0.936,13.458,0.348
1867-03-01,4.4540000000000000,0.65,14.073,0.267
1867-04-01,8.258,0.611,15.1,0.277
1867-05-01,10.495,0.414,15.56,0.241
1867-06-01,13.303,0.482,16.366,0.252
1867-07-01,14.223000000000000,0.401,16.672,0.244
1867-08-01,13.506000000000000,0.417,16.454,0.256
1867-09-01,11.763,0.458,16.147000000000000,0.254
1867-10-01,9.212,0.479,15.318,0.251
1867-11-01,6.939,0.784,14.632,0.31
1867-12-01,3.937,1.045,13.553000000000000,0.365
1868-01-01,1.834,0.795,13.012,0.304
1868-02-01,2.039,0.8490000000000000,13.295,0.32300000000000000
1868-03-01,4.538,0.578,14.135,0.256
1868-04-01,8.183,0.493,15.082,0.241
1868-05-01,11.308,0.494,15.992,0.241
1868-06-01,13.162,0.375,16.529,0.231
1868-07-01,14.514000000000000,0.431,17.025000000000000,0.226
1868-08-01,13.744000000000000,0.552,16.793,0.251
1868-09-01,11.669,0.418,16.107,0.217
1868-10-01,9.448,0.428,15.376,0.218
1868-11-01,5.192,0.504,14.174000000000000,0.224
1868-12-01,3.344,0.639,13.643000000000000,0.26
1869-01-01,2.115,1.028,13.289000000000000,0.35
1869-02-01,3.864,0.82,13.951000000000000,0.303
1869-03-01,4.3740000000000000,0.631,13.947000000000000,0.255
1869-04-01,7.9210000000000000,0.758,15.016000000000000,0.281
1869-05-01,11.295,0.642,15.896,0.254
1869-06-01,13.537,0.532,16.396,0.234
1869-07-01,14.337,0.449,16.667,0.218
1869-08-01,14.01,0.4370000000000000,16.711000000000000,0.201
1869-09-01,12.247,0.382,16.18,0.193
1869-10-01,9.006,0.456,15.171,0.206
1869-11-01,5.773,0.499,14.255,0.21600000000000000
1869-12-01,2.7060000000000000,0.514,13.307,0.212
1870-01-01,2.082,0.8080000000000000,13.304000000000000,0.277
1870-02-01,2.1340000000000000,0.7040000000000000,13.359000000000000,0.253
1870-03-01,4.656000000000000,0.568,14.139000000000000,0.22
1870-04-01,7.879,0.524,15.052,0.218
1870-05-01,11.339,0.579,15.826000000000000,0.235
1870-06-01,13.653,0.486,16.511000000000000,0.208
1870-07-01,14.599,0.4,16.86,0.19
1870-08-01,13.484000000000000,0.411,16.617,0.196
1870-09-01,11.952,0.412,16.073,0.195
1870-10-01,8.810000000000000,0.542,15.056,0.234
1870-11-01,5.6,0.529,14.079,0.229
1870-12-01,2.228,0.639,13.176000000000000,0.243
1871-01-01,1.4470000000000000,0.7930000000000000,13.089,0.287
1871-02-01,1.736,0.94,13.299,0.326
1871-03-01,4.6850000000000000,0.649,14.223,0.251
1871-04-01,8.34,0.461,15.233,0.206
1871-05-01,10.788000000000000,0.451,15.77,0.205
1871-06-01,13.08,0.392,16.458000000000000,0.188
1871-07-01,14.29,0.382,16.858,0.193
1871-08-01,13.932,0.449,16.653000000000000,0.193
1871-09-01,11.711,0.516,16.02,0.219
1871-10-01,9.096,0.412,15.061,0.206
1871-11-01,5.113,0.825,13.972000000000000,0.285
1871-12-01,3.1630000000000000,0.573,13.435,0.225
1872-01-01,1.652,0.996,13.041,0.325
1872-02-01,2.35,0.856,13.376,0.301
1872-03-01,4.922,0.611,14.107000000000000,0.239
1872-04-01,7.846000000000000,0.5380000000000000,14.969000000000000,0.217
1872-05-01,11.198,0.503,15.927,0.21
1872-06-01,13.055,0.434,16.361,0.193
1872-07-01,14.285,0.478,16.843,0.205
1872-08-01,13.821,0.485,16.822,0.2
1872-09-01,11.958000000000000,0.368,16.173000000000000,0.17800000000000000
1872-10-01,9.24,0.394,15.181,0.187
1872-11-01,5.372000000000000,0.493,14.101000000000000,0.209
1872-12-01,2.627,0.913,13.331,0.302
1873-01-01,2.013,0.706,13.353,0.251
1873-02-01,3.195,0.7490000000000000,13.707,0.269
1873-03-01,4.704,0.696,14.151,0.253
1873-04-01,7.462000000000000,0.616,14.879000000000000,0.239
1873-05-01,11.006000000000000,0.42,15.821,0.204
1873-06-01,13.405,0.495,16.429000000000000,0.215
1873-07-01,14.287,0.407,16.805,0.194
1873-08-01,13.755,0.438,16.726,0.191
1873-09-01,11.487000000000000,0.436,15.965,0.189
1873-10-01,9.234,0.4320000000000000,15.13,0.203
1873-11-01,5.819,0.545,14.094000000000000,0.215
1873-12-01,3.846,0.6660000000000000,13.531000000000000,0.242
1874-01-01,2.685,0.825,13.392000000000000,0.28300000000000000
1874-02-01,3.069,0.7240000000000000,13.458,0.258
1874-03-01,4.221,0.5920000000000000,13.807,0.225
1874-04-01,8.231,0.39,14.91,0.18600000000000000
1874-05-01,11.306,0.411,15.75,0.207
1874-06-01,13.306,0.467,16.211000000000000,0.205
1874-07-01,14.122,0.419,16.745,0.197
1874-08-01,13.815,0.382,16.645,0.182
1874-09-01,12.111,0.366,16.122,0.17800000000000000
1874-10-01,9.12,0.475,15.005,0.195
1874-11-01,5.809,0.626,14.013,0.23
1874-12-01,3.407,0.5380000000000000,13.426000000000000,0.214
1875-01-01,1.533,0.672,13.027000000000000,0.246
1875-02-01,2.259,0.718,13.35,0.257
1875-03-01,4.256,0.461,13.974,0.2
1875-04-01,7.636000000000000,0.38,14.923,0.18600000000000000
1875-05-01,10.746,0.376,15.792,0.183
1875-06-01,13.157,0.418,16.358,0.185
1875-07-01,14.144,0.397,16.683,0.175
1875-08-01,13.401,0.433,16.638000000000000,0.187
1875-09-01,11.319,0.394,16.059,0.18600000000000000
1875-10-01,8.585000000000000,0.39,15.125,0.185
1875-11-01,4.614,0.366,13.905,0.182
1875-12-01,2.665,0.413,13.229,0.193
1876-01-01,1.856,0.503,13.1,0.209
1876-02-01,2.617,0.505,13.496000000000000,0.208
1876-03-01,4.748,0.515,14.047,0.21
1876-04-01,8.199,0.412,14.95,0.193
1876-05-01,10.69,0.513,15.57,0.204
1876-06-01,13.131000000000000,0.28,16.290000000000000,0.154
1876-07-01,14.319,0.369,16.848,0.173
1876-08-01,13.481,0.407,16.579,0.18600000000000000
1876-09-01,11.687000000000000,0.377,15.89,0.2
1876-10-01,8.946,0.327,15.047,0.175
1876-11-01,5.093,0.414,13.903000000000000,0.187
1876-12-01,2.194,0.58,13.193,0.221
1877-01-01,2.286,0.708,13.306,0.249
1877-02-01,2.928,0.584,13.732,0.232
1877-03-01,5.297000000000000,0.487,14.459000000000000,0.204
1877-04-01,8.039,0.429,15.126,0.197
1877-05-01,11.056,0.4,15.854000000000000,0.185
1877-06-01,13.384,0.464,16.594,0.2
1877-07-01,14.642000000000000,0.402,17.004,0.183
1877-08-01,14.151,0.383,17.076,0.174
1877-09-01,12.075,0.418,16.437,0.187
1877-10-01,9.273,0.273,15.536,0.165
1877-11-01,6.348,0.479,14.564,0.195
1877-12-01,2.9960000000000000,0.444,13.704,0.19
1878-01-01,2.0170000000000000,0.461,13.538000000000000,0.191
1878-02-01,3.728,0.563,14.177,0.214
1878-03-01,6.6080000000000000,0.477,14.882,0.203
1878-04-01,8.899,0.431,15.573,0.185
1878-05-01,11.017000000000000,0.419,16.016,0.188
1878-06-01,13.796,0.38,16.711000000000000,0.185
1878-07-01,14.742,0.378,16.999000000000000,0.183
1878-08-01,14.094000000000000,0.465,16.905,0.184
1878-09-01,12.093,0.375,16.267,0.177
1878-10-01,9.173,0.306,15.307,0.165
1878-11-01,6.446000000000000,0.429,14.388,0.184
1878-12-01,3.344,0.415,13.526,0.17600000000000000
1879-01-01,2.303,0.6580000000000000,13.349,0.23
1879-02-01,2.737,0.672,13.63,0.233
1879-03-01,4.9240000000000000,0.461,14.34,0.183
1879-04-01,7.768000000000000,0.458,14.987,0.182
1879-05-01,10.803,0.388,15.807,0.16400000000000000
1879-06-01,13.23,0.459,16.501000000000000,0.17600000000000000
1879-07-01,14.238,0.379,16.746000000000000,0.16400000000000000
1879-08-01,13.245,0.426,16.635,0.171
1879-09-01,11.449000000000000,0.35700000000000000,16.007,0.163
1879-10-01,9.229,0.331,15.25,0.156
1879-11-01,5.526,0.376,14.203,0.168
1879-12-01,2.5380000000000000,0.596,13.318,0.211
1880-01-01,1.755,0.5720000000000000,13.129000000000000,0.204
1880-02-01,2.052,0.491,13.407,0.187
1880-03-01,4.63,0.468,14.273,0.18600000000000000
1880-04-01,7.559000000000000,0.456,15.008,0.194
1880-05-01,11.096000000000000,0.389,15.85,0.172
1880-06-01,13.327,0.436,16.400000000000000,0.175
1880-07-01,14.141000000000000,0.396,16.687,0.16700000000000000
1880-08-01,13.807,0.384,16.695,0.163
1880-09-01,11.386,0.289,15.918,0.14800000000000000
1880-10-01,8.673,0.29600000000000000,15.024,0.149
1880-11-01,5.893,0.386,14.233000000000000,0.162
1880-12-01,3.1060000000000000,0.416,13.48,0.168
1881-01-01,2.4610000000000000,0.634,13.396,0.221
1881-02-01,2.6260000000000000,0.595,13.625,0.21
1881-03-01,5.01,0.52,14.355,0.193
1881-04-01,8.323000000000000,0.362,15.267000000000000,0.157
1881-05-01,11.165,0.406,15.999,0.172
1881-06-01,12.745,0.35700000000000000,16.329,0.16400000000000000
1881-07-01,14.203,0.344,16.783,0.155
1881-08-01,13.71,0.376,16.665,0.154
1881-09-01,11.689,0.287,15.982,0.141
1881-10-01,8.851000000000000,0.315,15.115,0.14800000000000000
1881-11-01,5.272,0.397,14.019,0.157
1881-12-01,3.196,0.439,13.511,0.16900000000000000
1882-01-01,2.99,0.486,13.632,0.18
1882-02-01,3.2310000000000000,0.4270000000000000,13.843,0.172
1882-03-01,5.04,0.498,14.339,0.185
1882-04-01,7.691000000000000,0.369,15.031,0.156
1882-05-01,10.888,0.337,15.816000000000000,0.151
1882-06-01,12.805,0.298,16.356000000000000,0.142
1882-07-01,13.747,0.334,16.634,0.14800000000000000
1882-08-01,13.703,0.433,16.678,0.171
1882-09-01,11.736,0.287,16.108,0.141
1882-10-01,8.445,0.327,15.022,0.151
1882-11-01,5.066,0.359,14.033,0.157
1882-12-01,2.205,0.404,13.187,0.16700000000000000
1883-01-01,1.4600000000000000,0.53,13.106,0.19
1883-02-01,1.856,0.498,13.358000000000000,0.18
1883-03-01,4.929000000000000,0.421,14.236,0.162
1883-04-01,7.691000000000000,0.424,14.916,0.166
1883-05-01,10.832,0.354,15.825,0.153
1883-06-01,13.302,0.294,16.512,0.139
1883-07-01,14.011,0.355,16.664,0.146
1883-08-01,13.224,0.34,16.538,0.136
1883-09-01,11.343,0.327,15.956,0.13700000000000000
1883-10-01,8.909000000000000,0.249,15.054,0.123
1883-11-01,4.905,0.293,13.943,0.135
1883-12-01,3.261,0.363,13.451000000000000,0.147
1884-01-01,2.12,0.472,13.279000000000000,0.17
1884-02-01,2.474,0.486,13.6,0.17600000000000000
1884-03-01,3.892,0.476,13.914000000000000,0.174
1884-04-01,7.186000000000000,0.311,14.744000000000000,0.136
1884-05-01,10.198,0.353,15.558,0.14
1884-06-01,12.527000000000000,0.382,16.185000000000000,0.14400000000000000
1884-07-01,13.622,0.375,16.434,0.14300000000000000
1884-08-01,13.257,0.41,16.408,0.151
1884-09-01,11.235,0.392,15.826000000000000,0.14800000000000000
1884-10-01,8.581,0.307,14.954,0.13
1884-11-01,5.164,0.383,13.827,0.14400000000000000
1884-12-01,3.028,0.408,13.27,0.152
1885-01-01,1.003,0.664,12.889000000000000,0.215
1885-02-01,2.2430000000000000,0.578,13.327,0.192
1885-03-01,4.622,0.381,14.021,0.146
1885-04-01,7.3360000000000000,0.398,14.747,0.14800000000000000
1885-05-01,10.567,0.391,15.565,0.145
1885-06-01,12.716,0.304,16.105,0.129
1885-07-01,13.972000000000000,0.369,16.601,0.142
1885-08-01,13.351,0.445,16.438,0.157
1885-09-01,11.435,0.365,15.907,0.14
1885-10-01,8.722000000000000,0.34700000000000000,15.054,0.13700000000000000
1885-11-01,5.425,0.377,14.057,0.14300000000000000
1885-12-01,3.6440000000000000,0.481,13.542,0.165
1886-01-01,1.436,0.545,13.001,0.181
1886-02-01,1.793,0.453,13.176000000000000,0.16
1886-03-01,4.2620000000000000,0.34600000000000000,13.888,0.135
1886-04-01,7.909,0.299,14.841,0.129
1886-05-01,10.784,0.468,15.837,0.165
1886-06-01,12.789000000000000,0.318,16.197000000000000,0.127
1886-07-01,14.226000000000000,0.354,16.622,0.138
1886-08-01,13.323,0.369,16.458000000000000,0.13700000000000000
1886-09-01,11.6,0.32300000000000000,15.831,0.131
1886-10-01,8.604,0.355,14.979,0.139
1886-11-01,5.226,0.353,13.877,0.141
1886-12-01,3.502,0.449,13.316000000000000,0.161
1887-01-01,0.8240000000000000,0.568,12.62,0.187
1887-02-01,2.0540000000000000,0.464,13.096000000000000,0.166
1887-03-01,4.552,0.433,13.946,0.16
1887-04-01,7.789,0.333,14.941,0.141
1887-05-01,10.84,0.396,15.651,0.153
1887-06-01,12.89,0.327,16.214000000000000,0.136
1887-07-01,14.021000000000000,0.343,16.63,0.13700000000000000
1887-08-01,13.097000000000000,0.358,16.372,0.138
1887-09-01,11.707,0.378,15.916000000000000,0.147
1887-10-01,8.738,0.263,14.983000000000000,0.126
1887-11-01,5.5920000000000000,0.382,14.037,0.145
1887-12-01,2.875,0.46,13.386,0.166
1888-01-01,1.7080000000000000,0.375,13.132,0.14800000000000000
1888-02-01,2.039,0.456,13.32,0.165
1888-03-01,4.3,0.401,13.972000000000000,0.152
1888-04-01,7.845,0.429,14.938,0.157
1888-05-01,10.62,0.389,15.73,0.152
1888-06-01,12.921,0.395,16.360000000000000,0.153
1888-07-01,14.242,0.321,16.686,0.135
1888-08-01,13.511,0.436,16.611,0.158
1888-09-01,11.685,0.344,15.995,0.142
1888-10-01,9.201,0.28600000000000000,15.318,0.131
1888-11-01,5.792000000000000,0.361,14.259,0.14400000000000000
1888-12-01,3.222,0.396,13.608000000000000,0.154
1889-01-01,1.7620000000000000,0.458,13.417,0.168
1889-02-01,3.409,0.399,13.954,0.156
1889-03-01,5.2990000000000000,0.419,14.446,0.165
1889-04-01,8.589000000000000,0.332,15.305,0.146
1889-05-01,11.242,0.3720000000000000,15.915,0.153
1889-06-01,13.288,0.275,16.498,0.132
1889-07-01,14.225,0.327,16.796,0.14400000000000000
1889-08-01,13.504000000000000,0.383,16.604,0.153
1889-09-01,11.547,0.339,15.913,0.146
1889-10-01,8.865,0.282,15.116,0.139
1889-11-01,4.9990000000000000,0.44,13.996000000000000,0.16900000000000000
1889-12-01,3.099,0.412,13.401,0.158
1890-01-01,1.8360000000000000,0.401,13.068,0.157
1890-02-01,2.516,0.373,13.394,0.157
1890-03-01,4.21,0.377,13.891000000000000,0.158
1890-04-01,7.739000000000000,0.35700000000000000,14.875,0.153
1890-05-01,10.464,0.373,15.624,0.156
1890-06-01,12.872,0.35200000000000000,16.25,0.147
1890-07-01,14.034,0.354,16.528,0.153
1890-08-01,13.266000000000000,0.35200000000000000,16.427,0.14800000000000000
1890-09-01,11.546,0.324,15.842,0.145
1890-10-01,9.178,0.238,15.02,0.135
1890-11-01,5.03,0.273,13.803000000000000,0.138
1890-12-01,2.969,0.342,13.367,0.149
1891-01-01,1.6780000000000000,0.35100000000000000,13.037,0.155
1891-02-01,1.88,0.398,13.298,0.165
1891-03-01,4.755,0.331,14.191,0.153
1891-04-01,7.6180000000000000,0.284,14.918,0.147
1891-05-01,10.785,0.388,15.844000000000000,0.162
1891-06-01,12.888,0.253,16.297,0.13700000000000000
1891-07-01,13.93,0.338,16.62,0.155
1891-08-01,13.496000000000000,0.365,16.549,0.162
1891-09-01,11.763,0.264,16.07,0.14
1891-10-01,8.722000000000000,0.281,15.023,0.147
1891-11-01,5.115,0.353,13.92,0.151
1891-12-01,3.602,0.418,13.559,0.16900000000000000
1892-01-01,2.0180000000000000,0.399,13.264000000000000,0.162
1892-02-01,2.805,0.326,13.667000000000000,0.146
1892-03-01,4.362,0.39,13.979000000000000,0.158
1892-04-01,7.5620000000000000,0.301,14.804000000000000,0.149
1892-05-01,10.622,0.36,15.655,0.158
1892-06-01,13.263,0.279,16.303,0.149
1892-07-01,13.89,0.328,16.476,0.157
1892-08-01,13.42,0.353,16.39,0.155
1892-09-01,11.764000000000000,0.26,15.998,0.145
1892-10-01,9.29,0.268,15.126,0.147
1892-11-01,4.859,0.331,13.732000000000000,0.156
1892-12-01,2.935,0.471,13.196,0.19
1893-01-01,0.5,0.488,12.702,0.18600000000000000
1893-02-01,1.6540000000000000,0.365,13.23,0.161
1893-03-01,4.979,0.4,14.111,0.163
1893-04-01,7.994,0.294,14.871,0.147
1893-05-01,10.747,0.365,15.662,0.155
1893-06-01,13.051000000000000,0.287,16.382,0.14400000000000000
1893-07-01,14.318,0.339,16.788,0.155
1893-08-01,13.454,0.3670000000000000,16.650000000000000,0.153
1893-09-01,11.767000000000000,0.295,15.932,0.139
1893-10-01,9.16,0.263,15.152,0.139
1893-11-01,5.902,0.281,14.079,0.14400000000000000
1893-12-01,3.155,0.399,13.388,0.165
1894-01-01,1.6910000000000000,0.3720000000000000,13.039000000000000,0.159
1894-02-01,2.923,0.354,13.455,0.155
1894-03-01,5.118,0.398,14.08,0.16700000000000000
1894-04-01,7.6630000000000000,0.355,14.794,0.156
1894-05-01,10.944,0.293,15.656000000000000,0.14800000000000000
1894-06-01,12.858,0.276,16.226000000000000,0.142
1894-07-01,14.004000000000000,0.311,16.687,0.156
1894-08-01,13.488,0.364,16.565,0.151
1894-09-01,11.580000000000000,0.279,15.927,0.141
1894-10-01,9.125,0.223,15.165,0.134
1894-11-01,5.405,0.282,14.036,0.146
1894-12-01,3.133,0.3,13.347000000000000,0.149
1895-01-01,1.2950000000000000,0.28,13.084000000000000,0.14
1895-02-01,2.0,0.329,13.303000000000000,0.153
1895-03-01,4.689,0.318,13.989,0.157
1895-04-01,8.247,0.285,15.005,0.154
1895-05-01,10.867,0.321,15.703,0.158
1895-06-01,13.058,0.266,16.352,0.141
1895-07-01,14.053000000000000,0.312,16.716000000000000,0.153
1895-08-01,13.489,0.36,16.612000000000000,0.151
1895-09-01,11.743,0.294,15.981,0.141
1895-10-01,9.117,0.224,15.151,0.125
1895-11-01,5.744,0.268,14.219000000000000,0.138
1895-12-01,3.462,0.334,13.513,0.151
1896-01-01,2.291,0.392,13.366,0.162
1896-02-01,2.707,0.28800000000000000,13.576000000000000,0.146
1896-03-01,4.279,0.302,14.047,0.145
1896-04-01,7.330000000000000,0.34700000000000000,14.895,0.16
1896-05-01,10.893,0.339,15.817,0.16
1896-06-01,13.304000000000000,0.267,16.515,0.14
1896-07-01,14.233000000000000,0.328,16.866,0.151
1896-08-01,13.624,0.369,16.762,0.157
1896-09-01,11.824000000000000,0.277,16.143,0.142
1896-10-01,9.416,0.229,15.27,0.13
1896-11-01,5.3660000000000000,0.29600000000000000,14.187000000000000,0.141
1896-12-01,3.312,0.272,13.643000000000000,0.142
1897-01-01,1.893,0.36,13.312000000000000,0.161
1897-02-01,2.4290000000000000,0.281,13.555,0.145
1897-03-01,4.345,0.29,14.152000000000000,0.155
1897-04-01,8.278000000000000,0.277,15.217,0.14300000000000000
1897-05-01,11.377,0.306,16.02,0.145
1897-06-01,13.319,0.355,16.505000000000000,0.155
1897-07-01,14.31,0.37,16.783,0.161
1897-08-01,13.668,0.392,16.676000000000000,0.161
1897-09-01,11.925,0.254,16.068000000000000,0.133
1897-10-01,9.197000000000000,0.251,15.168,0.135
1897-11-01,5.6080000000000000,0.349,14.047,0.153
1897-12-01,3.1710000000000000,0.281,13.401,0.145
1898-01-01,2.737,0.31,13.396,0.149
1898-02-01,2.354,0.314,13.364,0.149
1898-03-01,3.751,0.271,13.749,0.14300000000000000
1898-04-01,7.907000000000000,0.337,14.868,0.155
1898-05-01,10.835,0.306,15.621000000000000,0.14400000000000000
1898-06-01,13.395,0.421,16.393,0.16400000000000000
1898-07-01,14.138,0.3670000000000000,16.627,0.154
1898-08-01,13.579,0.414,16.512,0.161
1898-09-01,11.753000000000000,0.322,15.914000000000000,0.149
1898-10-01,8.828,0.247,14.915,0.131
1898-11-01,5.452000000000000,0.274,13.933,0.139
1898-12-01,3.407,0.325,13.351000000000000,0.14400000000000000
1899-01-01,2.515,0.326,13.306,0.147
1899-02-01,2.38,0.42,13.399,0.16700000000000000
1899-03-01,4.618,0.293,14.003,0.14300000000000000
1899-04-01,8.281000000000000,0.345,15.026,0.153
1899-05-01,11.023,0.31,15.836000000000000,0.14300000000000000
1899-06-01,12.856,0.29,16.243000000000000,0.141
1899-07-01,14.159,0.333,16.689,0.15
1899-08-01,13.777000000000000,0.394,16.746000000000000,0.157
1899-09-01,12.128000000000000,0.282,16.178,0.138
1899-10-01,9.409,0.252,15.287,0.134
1899-11-01,6.605,0.31,14.455,0.14400000000000000
1899-12-01,3.005,0.342,13.412,0.153
1900-01-01,1.4610000000000000,0.276,13.142000000000000,0.142
1900-02-01,3.0980000000000000,0.416,13.777,0.173
1900-03-01,5.492000000000000,0.261,14.4,0.141
1900-04-01,8.223000000000000,0.292,15.17,0.151
1900-05-01,11.385,0.35700000000000000,15.955,0.159
1900-06-01,13.293,0.282,16.515,0.147
1900-07-01,14.171,0.345,16.785,0.154
1900-08-01,13.816000000000000,0.383,16.699,0.159
1900-09-01,11.955,0.293,16.124000000000000,0.147
1900-10-01,9.666,0.255,15.373,0.14
1900-11-01,5.804000000000000,0.276,14.189,0.13700000000000000
1900-12-01,3.655,0.341,13.598000000000000,0.153
1901-01-01,2.1910000000000000,0.29100000000000000,13.29,0.141
1901-02-01,3.092,0.418,13.66,0.163
1901-03-01,5.671,0.251,14.383,0.138
1901-04-01,8.522,0.326,15.22,0.151
1901-05-01,11.178,0.339,15.936,0.154
1901-06-01,13.423,0.28300000000000000,16.441000000000000,0.145
1901-07-01,14.339,0.35,16.718,0.158
1901-08-01,13.789000000000000,0.343,16.663,0.14800000000000000
1901-09-01,11.984000000000000,0.305,16.001000000000000,0.14
1901-10-01,9.003,0.239,15.087,0.138
1901-11-01,5.976,0.263,14.101000000000000,0.13700000000000000
1901-12-01,3.335,0.267,13.38,0.136
1902-01-01,2.6840000000000000,0.256,13.302,0.13
1902-02-01,3.6060000000000000,0.354,13.691000000000000,0.14800000000000000
1902-03-01,4.883,0.228,14.1,0.127
1902-04-01,7.956000000000000,0.321,14.958,0.141
1902-05-01,10.893,0.341,15.719000000000000,0.145
1902-06-01,13.214,0.264,16.284000000000000,0.129
1902-07-01,14.231,0.35600000000000000,16.69,0.145
1902-08-01,13.599,0.35700000000000000,16.591000000000000,0.14400000000000000
1902-09-01,11.799000000000000,0.289,16.032,0.134
1902-10-01,8.801,0.21,14.991,0.121
1902-11-01,5.274,0.267,13.902,0.128
1902-12-01,2.713,0.27,13.24,0.134
1903-01-01,2.514,0.224,13.275,0.128
1903-02-01,3.555,0.247,13.668,0.132
1903-03-01,4.93,0.212,14.05,0.124
1903-04-01,7.832000000000000,0.292,14.801000000000000,0.136
1903-05-01,10.794,0.305,15.645,0.139
1903-06-01,12.886,0.268,16.161000000000000,0.127
1903-07-01,13.992,0.366,16.496000000000000,0.146
1903-08-01,13.412,0.377,16.304000000000000,0.146
1903-09-01,11.501,0.36,15.771000000000000,0.145
1903-10-01,8.812000000000000,0.202,14.835,0.118
1903-11-01,5.516,0.268,13.828,0.132
1903-12-01,2.898,0.359,13.205,0.145
1904-01-01,1.6370000000000000,0.387,12.957,0.152
1904-02-01,2.2970000000000000,0.348,13.154000000000000,0.147
1904-03-01,4.506,0.268,13.859000000000000,0.133
1904-04-01,7.684000000000000,0.284,14.755,0.13700000000000000
1904-05-01,10.84,0.287,15.573,0.133
1904-06-01,13.014000000000000,0.248,16.207,0.128
1904-07-01,13.836000000000000,0.29600000000000000,16.525000000000000,0.134
1904-08-01,13.459000000000000,0.327,16.403000000000000,0.13700000000000000
1904-09-01,11.381000000000000,0.265,15.768000000000000,0.129
1904-10-01,8.833,0.212,14.947,0.118
1904-11-01,6.23,0.224,14.144,0.119
1904-12-01,3.374,0.29100000000000000,13.433,0.13
1905-01-01,2.254,0.345,13.205,0.14
1905-02-01,1.927,0.303,13.206,0.13700000000000000
1905-03-01,4.635,0.235,14.035,0.125
1905-04-01,7.755000000000000,0.255,14.857000000000000,0.128
1905-05-01,10.982000000000000,0.28,15.788,0.131
1905-06-01,13.112,0.264,16.379,0.125
1905-07-01,14.077,0.307,16.651,0.133
1905-08-01,13.578,0.327,16.558,0.134
1905-09-01,11.804000000000000,0.252,16.004,0.123
1905-10-01,9.041,0.239,15.091,0.122
1905-11-01,6.183,0.282,14.232000000000000,0.127
1905-12-01,3.3540000000000000,0.256,13.45,0.123
1906-01-01,2.068,0.313,13.25,0.13700000000000000
1906-02-01,2.301,0.32300000000000000,13.502,0.135
1906-03-01,4.8660000000000000,0.2,14.245,0.117
1906-04-01,8.626,0.242,15.23,0.122
1906-05-01,11.240000000000000,0.29,15.769,0.132
1906-06-01,13.334000000000000,0.289,16.436,0.127
1906-07-01,14.122,0.32300000000000000,16.662,0.13700000000000000
1906-08-01,13.691000000000000,0.34,16.593,0.134
1906-09-01,11.772000000000000,0.237,15.95,0.122
1906-10-01,9.267000000000000,0.182,15.152,0.116
1906-11-01,5.501,0.192,14.054,0.116
1906-12-01,3.761,0.368,13.54,0.14800000000000000
1907-01-01,1.798,0.274,13.108,0.128
1907-02-01,2.117,0.268,13.257,0.129
1907-03-01,4.575,0.209,14.15,0.123
1907-04-01,7.579,0.263,14.918,0.133
1907-05-01,10.375,0.28,15.602,0.132
1907-06-01,12.729000000000000,0.267,16.253,0.13
1907-07-01,13.769,0.307,16.596,0.133
1907-08-01,13.362,0.326,16.456,0.132
1907-09-01,11.665,0.243,15.902,0.119
1907-10-01,9.234,0.191,15.159,0.115
1907-11-01,5.207000000000000,0.207,13.872,0.115
1907-12-01,2.9560000000000000,0.251,13.225,0.121
1908-01-01,2.3040000000000000,0.252,13.16,0.123
1908-02-01,2.7690000000000000,0.269,13.441000000000000,0.124
1908-03-01,4.136,0.317,13.783,0.13700000000000000
1908-04-01,7.832000000000000,0.295,14.801000000000000,0.129
1908-05-01,11.141000000000000,0.285,15.757,0.13
1908-06-01,13.293,0.248,16.289,0.119
1908-07-01,14.197,0.303,16.618000000000000,0.129
1908-08-01,13.376,0.336,16.365000000000000,0.134
1908-09-01,11.977,0.252,15.93,0.119
1908-10-01,8.865,0.209,14.883,0.112
1908-11-01,5.272,0.221,13.842,0.116
1908-12-01,3.071,0.31,13.189,0.129
1909-01-01,1.395,0.314,12.839,0.132
1909-02-01,2.7060000000000000,0.273,13.35,0.125
1909-03-01,4.5890000000000000,0.249,13.852,0.122
1909-04-01,7.534,0.269,14.719000000000000,0.122
1909-05-01,10.611,0.3,15.6,0.127
1909-06-01,12.962,0.232,16.191000000000000,0.114
1909-07-01,14.06,0.299,16.437,0.123
1909-08-01,13.752,0.319,16.496000000000000,0.126
1909-09-01,11.879000000000000,0.237,15.849,0.112
1909-10-01,9.192,0.17800000000000000,14.941000000000000,0.102
1909-11-01,6.236000000000000,0.205,13.993,0.108
1909-12-01,3.2230000000000000,0.278,13.217,0.121
1910-01-01,2.333,0.24,13.139000000000000,0.114
1910-02-01,2.779,0.273,13.317,0.122
1910-03-01,4.606,0.213,13.872,0.112
1910-04-01,8.105000000000000,0.252,14.845,0.12
1910-05-01,11.005,0.31,15.712,0.128
1910-06-01,13.151,0.232,16.264000000000000,0.11
1910-07-01,14.279000000000000,0.322,16.543,0.13
1910-08-01,13.677,0.321,16.477,0.126
1910-09-01,11.733,0.243,15.875,0.112
1910-10-01,9.006,0.203,15.019,0.105
1910-11-01,5.318,0.223,13.75,0.109
1910-12-01,2.6840000000000000,0.289,13.016000000000000,0.123
1911-01-01,1.66,0.33,12.908,0.128
1911-02-01,2.4530000000000000,0.214,13.164,0.107
1911-03-01,4.3470000000000000,0.199,13.752,0.108
1911-04-01,7.990000000000000,0.248,14.716,0.115
1911-05-01,10.829,0.279,15.497,0.119
1911-06-01,13.009,0.231,16.108,0.108
1911-07-01,14.082,0.292,16.431000000000000,0.122
1911-08-01,13.499,0.329,16.387,0.126
1911-09-01,11.638,0.233,15.799000000000000,0.118
1911-10-01,9.263,0.193,15.063000000000000,0.108
1911-11-01,5.9640000000000000,0.184,14.062000000000000,0.108
1911-12-01,3.39,0.242,13.425,0.115
1912-01-01,2.4020000000000000,0.309,13.249,0.125
1912-02-01,3.3540000000000000,0.251,13.595,0.115
1912-03-01,4.356,0.226,13.995,0.115
1912-04-01,8.229,0.262,15.065,0.118
1912-05-01,11.254000000000000,0.308,15.813000000000000,0.126
1912-06-01,13.435,0.25,16.397000000000000,0.113
1912-07-01,13.723000000000000,0.293,16.509,0.12
1912-08-01,13.053000000000000,0.318,16.309,0.125
1912-09-01,11.222000000000000,0.252,15.685,0.117
1912-10-01,8.367000000000000,0.201,14.751,0.108
1912-11-01,5.521,0.188,13.928000000000000,0.107
1912-12-01,3.069,0.243,13.23,0.114
1913-01-01,2.083,0.295,13.066,0.122
1913-02-01,2.376,0.295,13.344,0.122
1913-03-01,4.5170000000000000,0.219,13.953,0.11
1913-04-01,8.023,0.246,14.957,0.117
1913-05-01,10.745,0.28800000000000000,15.679,0.123
1913-06-01,13.005,0.266,16.216000000000000,0.117
1913-07-01,14.137,0.298,16.552,0.122
1913-08-01,13.724,0.325,16.496000000000000,0.126
1913-09-01,11.759,0.237,15.867,0.111
1913-10-01,9.077,0.194,15.028000000000000,0.104
1913-11-01,6.024,0.213,14.123,0.111
1913-12-01,4.103,0.271,13.624,0.12
1914-01-01,3.3760000000000000,0.307,13.545,0.128
1914-02-01,3.2,0.225,13.576000000000000,0.111
1914-03-01,4.942,0.221,14.103,0.116
1914-04-01,8.098000000000000,0.244,15.018,0.119
1914-05-01,11.285000000000000,0.284,15.857000000000000,0.127
1914-06-01,13.496,0.233,16.421000000000000,0.114
1914-07-01,14.298,0.307,16.653,0.131
1914-08-01,13.73,0.318,16.692,0.132
1914-09-01,11.915,0.23,16.075,0.13700000000000000
1914-10-01,9.387,0.183,15.223000000000000,0.124
1914-11-01,5.7590000000000000,0.195,14.155,0.125
1914-12-01,3.6,0.276,13.597000000000000,0.139
1915-01-01,2.299,0.246,13.32,0.134
1915-02-01,3.265,0.261,13.675,0.13700000000000000
1915-03-01,5.143,0.209,14.32,0.131
1915-04-01,8.705,0.251,15.292,0.135
1915-05-01,11.493,0.28600000000000000,16.067,0.138
1915-06-01,13.3,0.249,16.445,0.133
1915-07-01,14.443,0.295,16.817,0.145
1915-08-01,13.77,0.326,16.802,0.14400000000000000
1915-09-01,11.867,0.259,16.102,0.135
1915-10-01,8.984,0.19,15.093,0.125
1915-11-01,6.216,0.185,14.254000000000000,0.127
1915-12-01,3.633,0.197,13.538,0.127
1916-01-01,2.616,0.242,13.294,0.134
1916-02-01,2.957,0.264,13.581,0.134
1916-03-01,4.846,0.307,14.121,0.142
1916-04-01,8.047000000000000,0.257,14.975,0.134
1916-05-01,10.972000000000000,0.294,15.779000000000000,0.139
1916-06-01,12.942,0.232,16.290000000000000,0.126
1916-07-01,14.052,0.301,16.599,0.145
1916-08-01,13.58,0.32300000000000000,16.511,0.142
1916-09-01,11.726,0.247,15.927,0.132
1916-10-01,9.053,0.218,14.919,0.128
1916-11-01,5.596,0.214,13.814,0.131
1916-12-01,2.316,0.226,13.006000000000000,0.131
1917-01-01,2.133,0.252,12.84,0.138
1917-02-01,2.36,0.314,13.099,0.151
1917-03-01,4.488,0.231,13.801000000000000,0.136
1917-04-01,7.855000000000000,0.272,14.815,0.142
1917-05-01,10.443,0.294,15.537,0.14300000000000000
1917-06-01,12.915,0.243,16.239,0.132
1917-07-01,14.259,0.29600000000000000,16.706,0.14400000000000000
1917-08-01,13.471000000000000,0.319,16.580000000000000,0.149
1917-09-01,11.745,0.242,16.058,0.142
1917-10-01,8.544,0.173,14.942,0.126
1917-11-01,5.82,0.226,14.002,0.138
1917-12-01,2.247,0.266,13.098000000000000,0.145
1918-01-01,1.934,0.251,13.129000000000000,0.141
1918-02-01,2.455,0.342,13.312,0.156
1918-03-01,4.811,0.257,14.034,0.147
1918-04-01,7.644000000000000,0.258,14.794,0.14800000000000000
1918-05-01,10.54,0.304,15.733000000000000,0.156
1918-06-01,12.908,0.242,16.306000000000000,0.14
1918-07-01,14.002,0.301,16.596,0.149
1918-08-01,13.431,0.329,16.552,0.147
1918-09-01,11.881000000000000,0.256,16.074,0.147
1918-10-01,9.433,0.209,15.252,0.14400000000000000
1918-11-01,5.683,0.225,14.297,0.14800000000000000
1918-12-01,2.8480000000000000,0.245,13.439,0.155
1919-01-01,2.184,0.252,13.309000000000000,0.152
1919-02-01,2.852,0.285,13.678000000000000,0.151
1919-03-01,4.743,0.27,14.22,0.14800000000000000
1919-04-01,8.487,0.292,15.253,0.15
1919-05-01,10.969000000000000,0.28600000000000000,15.847000000000000,0.14
1919-06-01,13.228,0.241,16.375,0.132
1919-07-01,14.274,0.299,16.582,0.14400000000000000
1919-08-01,13.786,0.335,16.498,0.153
1919-09-01,11.990000000000000,0.25,16.025,0.141
1919-10-01,9.361,0.21600000000000000,15.117,0.129
1919-11-01,5.489,0.23,13.914000000000000,0.136
1919-12-01,3.224,0.245,13.263,0.138
1920-01-01,2.841,0.25,13.257,0.13700000000000000
1920-02-01,2.755,0.268,13.347,0.136
1920-03-01,5.227,0.231,14.25,0.138
1920-04-01,8.293,0.272,15.079,0.145
1920-05-01,11.131000000000000,0.31,15.855,0.141
1920-06-01,13.105,0.245,16.415000000000000,0.131
1920-07-01,14.245,0.305,16.693000000000000,0.14300000000000000
1920-08-01,13.698,0.343,16.626000000000000,0.14300000000000000
1920-09-01,11.794,0.258,16.117,0.133
1920-10-01,9.021,0.212,15.206,0.125
1920-11-01,5.566,0.229,14.159,0.128
1920-12-01,2.6290000000000000,0.229,13.311,0.127
1921-01-01,2.98,0.32,13.439,0.146
1921-02-01,3.125,0.236,13.622,0.129
1921-03-01,5.081,0.276,14.128,0.13700000000000000
1921-04-01,8.324,0.262,15.005,0.129
1921-05-01,11.245,0.282,15.826000000000000,0.129
1921-06-01,13.44,0.239,16.490000000000000,0.122
1921-07-01,14.436,0.302,16.783,0.136
1921-08-01,13.561,0.326,16.618000000000000,0.13700000000000000
1921-09-01,11.869000000000000,0.24,16.166,0.125
1921-10-01,9.264,0.188,15.285,0.117
1921-11-01,5.864,0.198,14.236000000000000,0.12
1921-12-01,3.6630000000000000,0.213,13.627,0.123
1922-01-01,2.15,0.214,13.177,0.121
1922-02-01,2.376,0.271,13.453,0.128
1922-03-01,5.156000000000000,0.223,14.245,0.121
1922-04-01,8.380000000000000,0.276,15.168,0.127
1922-05-01,11.097000000000000,0.285,15.778000000000000,0.13
1922-06-01,13.331,0.241,16.406000000000000,0.117
1922-07-01,14.278000000000000,0.306,16.745,0.13
1922-08-01,13.584000000000000,0.333,16.532,0.134
1922-09-01,11.775,0.255,15.981,0.121
1922-10-01,9.056000000000000,0.219,15.043,0.12
1922-11-01,6.046,0.246,14.117,0.121
1922-12-01,3.667,0.234,13.503,0.119
1923-01-01,2.487,0.276,13.24,0.127
1923-02-01,2.563,0.262,13.358000000000000,0.124
1923-03-01,4.8660000000000000,0.226,14.049000000000000,0.122
1923-04-01,7.749,0.24,14.959000000000000,0.122
1923-05-01,10.849000000000000,0.292,15.724,0.128
1923-06-01,13.296,0.259,16.452,0.12
1923-07-01,13.984000000000000,0.3,16.628,0.129
1923-08-01,13.611000000000000,0.34,16.54,0.13700000000000000
1923-09-01,11.883,0.256,15.992,0.12
1923-10-01,9.52,0.191,15.249,0.112
1923-11-01,6.378000000000000,0.179,14.404000000000000,0.112
1923-12-01,3.88,0.21600000000000000,13.739,0.119
1924-01-01,2.339,0.29,13.303,0.134
1924-02-01,2.888,0.28800000000000000,13.585,0.127
1924-03-01,5.352,0.208,14.325,0.119
1924-04-01,7.97,0.267,15.081,0.127
1924-05-01,11.188,0.298,15.918,0.127
1924-06-01,13.342,0.241,16.461000000000000,0.116
1924-07-01,14.304,0.307,16.724,0.131
1924-08-01,13.654000000000000,0.326,16.556000000000000,0.134
1924-09-01,11.957,0.232,16.003,0.122
1924-10-01,9.203,0.182,15.042,0.117
1924-11-01,6.4,0.2,14.132,0.116
1924-12-01,3.485,0.243,13.342,0.124
1925-01-01,2.268,0.228,13.157,0.125
1925-02-01,2.701,0.236,13.361000000000000,0.121
1925-03-01,5.126,0.224,14.155,0.124
1925-04-01,8.442,0.244,15.011,0.124
1925-05-01,11.039000000000000,0.28600000000000000,15.855,0.13
1925-06-01,13.089,0.22,16.413,0.116
1925-07-01,14.066000000000000,0.3,16.740000000000000,0.129
1925-08-01,13.769,0.32,16.716000000000000,0.135
1925-09-01,11.979000000000000,0.235,16.14,0.126
1925-10-01,9.196,0.193,15.221000000000000,0.117
1925-11-01,6.34,0.196,14.418,0.118
1925-12-01,4.398,0.207,13.897,0.122
1926-01-01,3.4530000000000000,0.258,13.739,0.128
1926-02-01,3.717,0.211,13.842,0.115
1926-03-01,5.831,0.17800000000000000,14.536,0.116
1926-04-01,8.193,0.259,15.214,0.127
1926-05-01,10.931,0.295,15.932,0.129
1926-06-01,13.285,0.231,16.581,0.117
1926-07-01,14.168,0.287,16.766000000000000,0.13
1926-08-01,13.877,0.321,16.8,0.135
1926-09-01,12.075,0.242,16.222,0.12
1926-10-01,9.55,0.2,15.372,0.115
1926-11-01,6.3,0.208,14.351000000000000,0.116
1926-12-01,3.366,0.222,13.538,0.121
1927-01-01,2.372,0.268,13.323,0.13
1927-02-01,3.0390000000000000,0.244,13.65,0.12
1927-03-01,4.668,0.223,14.084000000000000,0.121
1927-04-01,8.035,0.239,15.045,0.118
1927-05-01,11.104000000000000,0.297,15.873,0.127
1927-06-01,13.272000000000000,0.23,16.444000000000000,0.114
1927-07-01,14.323,0.302,16.812,0.13
1927-08-01,13.698,0.34,16.742,0.136
1927-09-01,12.254000000000000,0.24,16.224,0.119
1927-10-01,9.887,0.2,15.435,0.112
1927-11-01,6.346,0.192,14.342,0.113
1927-12-01,3.267,0.212,13.493,0.12
1928-01-01,3.0460000000000000,0.211,13.637,0.121
1928-02-01,3.333,0.241,13.722,0.123
1928-03-01,4.959,0.191,14.229000000000000,0.119
1928-04-01,8.244,0.276,15.126,0.127
1928-05-01,11.169,0.321,15.88,0.134
1928-06-01,13.113,0.238,16.355,0.119
1928-07-01,14.31,0.297,16.796,0.128
1928-08-01,13.687000000000000,0.327,16.7,0.133
1928-09-01,12.03,0.235,16.066,0.12
1928-10-01,9.486,0.193,15.232,0.112
1928-11-01,6.336,0.231,14.276,0.122
1928-12-01,3.873,0.222,13.568,0.122
1929-01-01,2.0540000000000000,0.289,13.137,0.134
1929-02-01,2.172,0.229,13.241,0.12
1929-03-01,5.099,0.191,14.079,0.121
1929-04-01,8.094,0.265,14.987,0.126
1929-05-01,10.915,0.294,15.716,0.128
1929-06-01,12.928,0.232,16.328000000000000,0.117
1929-07-01,13.957,0.314,16.59,0.134
1929-08-01,13.68,0.33,16.671,0.138
1929-09-01,11.807,0.255,16.092,0.126
1929-10-01,9.46,0.195,15.248,0.113
1929-11-01,6.172000000000000,0.207,14.313000000000000,0.118
1929-12-01,2.571,0.22,13.207,0.121
1930-01-01,2.401,0.226,13.26,0.13
1930-02-01,3.1520000000000000,0.236,13.54,0.126
1930-03-01,5.483,0.191,14.326,0.127
1930-04-01,8.182000000000000,0.242,15.081,0.124
1930-05-01,11.105,0.292,15.911,0.131
1930-06-01,13.347000000000000,0.231,16.473000000000000,0.122
1930-07-01,14.465,0.301,16.854,0.13700000000000000
1930-08-01,13.928,0.327,16.791,0.146
1930-09-01,11.874,0.247,16.25,0.131
1930-10-01,9.261000000000000,0.187,15.355,0.121
1930-11-01,6.574,0.202,14.505,0.128
1930-12-01,3.8310000000000000,0.194,13.724,0.124
1931-01-01,2.761,0.225,13.529000000000000,0.13
1931-02-01,2.708,0.224,13.621000000000000,0.125
1931-03-01,5.22,0.18600000000000000,14.347000000000000,0.126
1931-04-01,8.163,0.234,15.116,0.126
1931-05-01,11.02,0.281,15.872,0.129
1931-06-01,13.573,0.24,16.630000000000000,0.126
1931-07-01,14.576000000000000,0.302,16.967,0.138
1931-08-01,14.12,0.33,16.887,0.145
1931-09-01,12.283,0.25,16.294,0.129
1931-10-01,9.937000000000000,0.197,15.448,0.125
1931-11-01,6.243000000000000,0.198,14.317,0.125
1931-12-01,4.027,0.18600000000000000,13.711000000000000,0.125
1932-01-01,3.6040000000000000,0.223,13.687000000000000,0.131
1932-02-01,2.989,0.221,13.658,0.124
1932-03-01,4.94,0.204,14.252,0.129
1932-04-01,8.769,0.263,15.335,0.129
1932-05-01,11.239,0.3,16.018,0.132
1932-06-01,13.383,0.257,16.504,0.126
1932-07-01,14.372,0.306,16.846,0.138
1932-08-01,13.74,0.331,16.68,0.14300000000000000
1932-09-01,12.31,0.268,16.263000000000000,0.133
1932-10-01,9.682,0.232,15.28,0.123
1932-11-01,5.9080000000000000,0.18600000000000000,14.175,0.122
1932-12-01,3.527,0.196,13.558,0.123
1933-01-01,2.169,0.226,13.26,0.129
1933-02-01,2.657,0.21,13.506000000000000,0.12
1933-03-01,4.869,0.185,14.131000000000000,0.12
1933-04-01,8.125,0.272,15.043,0.13
1933-05-01,11.047,0.28800000000000000,15.823,0.134
1933-06-01,13.11,0.241,16.337,0.126
1933-07-01,14.236000000000000,0.3,16.704,0.136
1933-08-01,13.76,0.321,16.701,0.138
1933-09-01,11.854000000000000,0.244,16.024,0.129
1933-10-01,9.238,0.232,15.143000000000000,0.125
1933-11-01,5.89,0.201,14.131000000000000,0.118
1933-12-01,3.1040000000000000,0.192,13.352,0.12
1934-01-01,2.476,0.231,13.276,0.124
1934-02-01,3.699,0.251,13.701000000000000,0.125
1934-03-01,4.8180000000000000,0.201,14.072000000000000,0.122
1934-04-01,8.016,0.259,15.02,0.128
1934-05-01,11.478,0.276,15.951000000000000,0.127
1934-06-01,13.402000000000000,0.24,16.578000000000000,0.121
1934-07-01,14.343,0.29600000000000000,16.851,0.134
1934-08-01,13.778000000000000,0.322,16.740000000000000,0.141
1934-09-01,11.727,0.238,16.128,0.122
1934-10-01,9.421,0.192,15.332,0.118
1934-11-01,6.397,0.182,14.412,0.113
1934-12-01,3.985,0.193,13.673,0.118
1935-01-01,2.1750000000000000,0.204,13.299000000000000,0.121
1935-02-01,4.125,0.217,13.857,0.119
1935-03-01,5.399,0.187,14.269,0.115
1935-04-01,7.771000000000000,0.256,15.013,0.126
1935-05-01,10.906,0.277,15.848,0.128
1935-06-01,13.326,0.23,16.504,0.122
1935-07-01,14.331,0.292,16.848,0.131
1935-08-01,13.775,0.332,16.715,0.139
1935-09-01,11.999,0.239,16.143,0.12
1935-10-01,9.516,0.198,15.311,0.114
1935-11-01,5.443,0.191,14.069,0.115
1935-12-01,3.423,0.208,13.55,0.118
1936-01-01,2.249,0.221,13.26,0.115
1936-02-01,2.506,0.236,13.533,0.118
1936-03-01,5.031000000000000,0.194,14.206,0.116
1936-04-01,8.127000000000000,0.258,15.089,0.122
1936-05-01,11.251,0.279,15.935,0.125
1936-06-01,13.363,0.243,16.524,0.116
1936-07-01,14.629000000000000,0.299,16.928,0.13
1936-08-01,13.86,0.325,16.811,0.134
1936-09-01,12.021,0.246,16.191,0.121
1936-10-01,9.457,0.22,15.412,0.116
1936-11-01,6.2330000000000000,0.188,14.338,0.113
1936-12-01,3.9210000000000000,0.208,13.767000000000000,0.118
1937-01-01,2.4530000000000000,0.196,13.417,0.116
1937-02-01,3.553,0.22,13.904000000000000,0.116
1937-03-01,4.851,0.219,14.276,0.119
1937-04-01,8.140000000000000,0.242,15.228,0.117
1937-05-01,11.422,0.28800000000000000,16.051,0.125
1937-06-01,13.603,0.236,16.679000000000000,0.116
1937-07-01,14.375,0.298,17.054000000000000,0.128
1937-08-01,14.007,0.325,16.941,0.135
1937-09-01,12.413000000000000,0.247,16.402,0.124
1937-10-01,9.729,0.2,15.523,0.113
1937-11-01,6.356,0.199,14.447,0.113
1937-12-01,3.478,0.211,13.684,0.118
1938-01-01,2.91,0.194,13.596000000000000,0.111
1938-02-01,3.417,0.225,13.827,0.112
1938-03-01,5.651,0.192,14.491,0.111
1938-04-01,8.913,0.249,15.363,0.119
1938-05-01,11.456,0.297,16.001000000000000,0.129
1938-06-01,13.321,0.238,16.607000000000000,0.117
1938-07-01,14.482000000000000,0.295,16.871,0.127
1938-08-01,13.963,0.325,16.904,0.132
1938-09-01,12.427,0.249,16.367,0.122
1938-10-01,9.784,0.194,15.526,0.113
1938-11-01,6.53,0.215,14.408,0.114
1938-12-01,3.51,0.213,13.556,0.116
1939-01-01,2.932,0.198,13.538000000000000,0.114
1939-02-01,3.232,0.201,13.757,0.112
1939-03-01,4.926,0.196,14.273,0.113
1939-04-01,8.328,0.252,15.296,0.119
1939-05-01,11.524000000000000,0.298,16.174,0.128
1939-06-01,13.531,0.256,16.712,0.119
1939-07-01,14.395,0.29100000000000000,16.988,0.127
1939-08-01,13.932,0.324,16.892,0.139
1939-09-01,11.958000000000000,0.247,16.3,0.126
1939-10-01,9.218,0.185,15.232,0.122
1939-11-01,6.189,0.194,14.379000000000000,0.116
1939-12-01,4.959,0.206,14.087,0.112
1940-01-01,2.335,0.2,13.576,0.12
1940-02-01,3.423,0.204,13.932,0.116
1940-03-01,5.4240000000000000,0.18,14.48,0.115
1940-04-01,8.756,0.247,15.452,0.125
1940-05-01,11.338,0.29600000000000000,16.08,0.132
1940-06-01,13.583,0.231,16.725,0.119
1940-07-01,14.571,0.295,17.123,0.132
1940-08-01,13.811,0.32300000000000000,16.946000000000000,0.134
1940-09-01,12.268,0.234,16.43,0.126
1940-10-01,9.457,0.187,15.384,0.118
1940-11-01,6.0760000000000000,0.18600000000000000,14.377,0.12
1940-12-01,4.1340000000000000,0.19,13.96,0.117
1941-01-01,2.7350000000000000,0.199,13.622,0.111
1941-02-01,3.67,0.202,13.946000000000000,0.109
1941-03-01,5.213000000000000,0.18600000000000000,14.425,0.104
1941-04-01,8.575,0.24,15.407,0.114
1941-05-01,11.493,0.282,16.152,0.122
1941-06-01,13.63,0.232,16.753,0.112
1941-07-01,14.694,0.29100000000000000,17.131,0.122
1941-08-01,14.028000000000000,0.322,16.915,0.126
1941-09-01,11.816,0.232,16.19,0.112
1941-10-01,9.71,0.175,15.629,0.107
1941-11-01,5.953000000000000,0.181,14.475,0.11
1941-12-01,3.707,0.192,13.971000000000000,0.142
1942-01-01,3.103,0.221,13.821,0.13
1942-02-01,2.8570000000000000,0.204,13.773,0.123
1942-03-01,5.308,0.18600000000000000,14.538,0.124
1942-04-01,8.416000000000000,0.238,15.307,0.131
1942-05-01,11.338,0.281,16.147000000000000,0.142
1942-06-01,13.578,0.22,16.729000000000000,0.127
1942-07-01,14.242,0.293,16.902,0.141
1942-08-01,13.786,0.318,16.766000000000000,0.147
1942-09-01,12.146,0.233,16.265,0.142
1942-10-01,9.627,0.18600000000000000,15.358000000000000,0.134
1942-11-01,6.3950000000000000,0.184,14.426000000000000,0.126
1942-12-01,3.945,0.19,13.872,0.13
1943-01-01,2.396,0.195,13.522,0.136
1943-02-01,3.513,0.199,13.939,0.126
1943-03-01,5.138,0.184,14.371,0.127
1943-04-01,8.638,0.243,15.335,0.13700000000000000
1943-05-01,11.485,0.277,16.123,0.14300000000000000
1943-06-01,13.161,0.23,16.596,0.132
1943-07-01,14.46,0.3,16.95,0.14300000000000000
1943-08-01,13.774000000000000,0.313,16.912,0.145
1943-09-01,12.096000000000000,0.227,16.285,0.129
1943-10-01,9.907,0.17600000000000000,15.62,0.129
1943-11-01,6.26,0.188,14.53,0.128
1943-12-01,4.2330000000000000,0.187,13.957,0.129
1944-01-01,3.5040000000000000,0.185,13.819,0.117
1944-02-01,3.591,0.222,14.023,0.121
1944-03-01,5.531000000000000,0.205,14.632,0.122
1944-04-01,8.434,0.243,15.432,0.129
1944-05-01,11.334000000000000,0.275,16.212,0.135
1944-06-01,13.478,0.222,16.772000000000000,0.125
1944-07-01,14.468,0.284,17.119,0.13700000000000000
1944-08-01,14.017000000000000,0.308,17.117,0.142
1944-09-01,12.45,0.229,16.472,0.13
1944-10-01,9.808,0.17,15.623,0.123
1944-11-01,6.091,0.17800000000000000,14.401,0.125
1944-12-01,3.434,0.181,13.767000000000000,0.127
1945-01-01,2.525,0.18600000000000000,13.586,0.122
1945-02-01,2.6460000000000000,0.194,13.747,0.125
1945-03-01,5.184,0.171,14.462,0.124
1945-04-01,8.681000000000000,0.236,15.431,0.131
1945-05-01,11.097000000000000,0.269,16.064,0.142
1945-06-01,13.328,0.231,16.661000000000000,0.131
1945-07-01,14.213,0.287,16.911000000000000,0.145
1945-08-01,14.313000000000000,0.317,17.106000000000000,0.149
1945-09-01,12.225,0.227,16.358,0.133
1945-10-01,9.575,0.171,15.574000000000000,0.119
1945-11-01,6.0730000000000000,0.172,14.453,0.121
1945-12-01,3.158,0.183,13.616,0.122
1946-01-01,2.9790000000000000,0.188,13.638,0.129
1946-02-01,3.4610000000000000,0.206,13.816000000000000,0.128
1946-03-01,5.236000000000000,0.171,14.514000000000000,0.125
1946-04-01,8.837,0.223,15.441,0.127
1946-05-01,11.355,0.273,15.994000000000000,0.14300000000000000
1946-06-01,13.298,0.237,16.513000000000000,0.13700000000000000
1946-07-01,14.409,0.289,16.944000000000000,0.139
1946-08-01,13.834000000000000,0.319,16.717000000000000,0.14300000000000000
1946-09-01,12.064,0.233,16.252,0.14300000000000000
1946-10-01,9.281,0.17,15.437,0.13
1946-11-01,6.235,0.179,14.359000000000000,0.12
1946-12-01,3.134,0.181,13.528000000000000,0.125
1947-01-01,2.597,0.184,13.532,0.125
1947-02-01,3.2770000000000000,0.191,13.832,0.116
1947-03-01,5.801,0.183,14.54,0.124
1947-04-01,8.686,0.227,15.373,0.128
1947-05-01,11.329,0.266,16.089000000000000,0.135
1947-06-01,13.459000000000000,0.21600000000000000,16.701,0.126
1947-07-01,14.349,0.284,16.973,0.138
1947-08-01,13.827,0.305,16.804000000000000,0.136
1947-09-01,12.166,0.221,16.261,0.131
1947-10-01,10.011000000000000,0.16400000000000000,15.49,0.13
1947-11-01,6.407,0.187,14.435,0.128
1947-12-01,3.656,0.177,13.692,0.128
1948-01-01,3.366,0.18,13.666,0.119
1948-02-01,3.22,0.198,13.692,0.123
1948-03-01,4.9190000000000000,0.161,14.284,0.125
1948-04-01,8.499000000000000,0.215,15.266000000000000,0.127
1948-05-01,11.537,0.257,16.173,0.135
1948-06-01,13.664000000000000,0.214,16.742,0.129
1948-07-01,14.445,0.276,16.938,0.141
1948-08-01,13.896000000000000,0.298,16.902,0.136
1948-09-01,12.155,0.22,16.243,0.127
1948-10-01,9.584,0.16700000000000000,15.389,0.123
1948-11-01,6.1850000000000000,0.162,14.299000000000000,0.131
1948-12-01,3.491,0.16700000000000000,13.54,0.126
1949-01-01,3.2190000000000000,0.17,13.704,0.101
1949-02-01,2.759,0.185,13.686,0.101
1949-03-01,5.077,0.177,14.322000000000000,0.102
1949-04-01,8.344,0.226,15.312000000000000,0.109
1949-05-01,11.309000000000000,0.255,16.063,0.117
1949-06-01,13.223,0.209,16.467000000000000,0.107
1949-07-01,14.199000000000000,0.27,16.807000000000000,0.12
1949-08-01,13.826000000000000,0.295,16.796,0.123
1949-09-01,11.957,0.212,16.177,0.107
1949-10-01,9.531,0.158,15.375,0.101
1949-11-01,6.148,0.16400000000000000,14.331,0.099
1949-12-01,3.449,0.17800000000000000,13.633,0.102
1950-01-01,2.008,0.173,13.311,0.095
1950-02-01,2.721,0.182,13.554,0.101
1950-03-01,5.247000000000000,0.15,14.296,0.097
1950-04-01,8.123,0.192,15.093,0.102
1950-05-01,11.297,0.217,16.033,0.106
1950-06-01,13.382,0.196,16.66,0.105
1950-07-01,14.14,0.239,16.981000000000000,0.115
1950-08-01,13.46,0.228,16.731000000000000,0.108
1950-09-01,11.952,0.204,16.124000000000000,0.106
1950-10-01,9.153,0.16400000000000000,15.245,0.103
1950-11-01,5.372000000000000,0.139,14.06,0.093
1950-12-01,3.528,0.152,13.586000000000000,0.097
1951-01-01,2.138,0.132,13.341,0.09
1951-02-01,2.332,0.149,13.488,0.093
1951-03-01,5.091,0.141,14.278,0.092
1951-04-01,8.367000000000000,0.175,15.198,0.095
1951-05-01,11.438,0.23,16.158,0.112
1951-06-01,13.25,0.238,16.768,0.106
1951-07-01,14.324000000000000,0.24,17.046,0.11
1951-08-01,14.021000000000000,0.251,17.081,0.11
1951-09-01,12.324000000000000,0.21600000000000000,16.43,0.101
1951-10-01,9.67,0.123,15.529000000000000,0.094
1951-11-01,6.2250000000000000,0.161,14.422,0.093
1951-12-01,4.3280000000000000,0.154,13.995,0.091
1952-01-01,3.049,0.14400000000000000,13.762,0.08900000000000000
1952-02-01,3.3960000000000000,0.18,14.009,0.093
1952-03-01,4.9670000000000000,0.168,14.373,0.093
1952-04-01,8.461,0.225,15.363,0.103
1952-05-01,11.352,0.264,16.129,0.115
1952-06-01,13.442,0.218,16.751000000000000,0.104
1952-07-01,14.549000000000000,0.276,17.068000000000000,0.118
1952-08-01,13.964,0.302,16.952,0.118
1952-09-01,12.238,0.22,16.395,0.104
1952-10-01,9.157,0.166,15.434,0.096
1952-11-01,5.425,0.168,14.334000000000000,0.093
1952-12-01,3.659,0.174,13.787,0.094
1953-01-01,2.964,0.166,13.642000000000000,0.092
1953-02-01,3.6290000000000000,0.187,14.02,0.094
1953-03-01,5.712000000000000,0.161,14.561,0.093
1953-04-01,8.892000000000000,0.228,15.518,0.103
1953-05-01,11.514000000000000,0.264,16.266,0.114
1953-06-01,13.612,0.21600000000000000,16.89,0.105
1953-07-01,14.392000000000000,0.284,17.088,0.118
1953-08-01,14.059000000000000,0.305,16.985,0.119
1953-09-01,12.199000000000000,0.223,16.418,0.105
1953-10-01,9.59,0.161,15.471000000000000,0.094
1953-11-01,5.9240000000000000,0.168,14.332,0.095
1953-12-01,3.998,0.182,13.862,0.095
1954-01-01,2.059,0.14800000000000000,13.38,0.08900000000000000
1954-02-01,3.0840000000000000,0.182,13.783,0.093
1954-03-01,5.148,0.18,14.385,0.094
1954-04-01,8.158,0.218,15.226,0.102
1954-05-01,10.988,0.217,15.971000000000000,0.102
1954-06-01,13.4,0.187,16.609,0.096
1954-07-01,14.241,0.228,16.851,0.104
1954-08-01,13.868,0.248,16.816,0.103
1954-09-01,12.098,0.204,16.223,0.099
1954-10-01,9.546,0.14400000000000000,15.423,0.08800000000000000
1954-11-01,6.579,0.14300000000000000,14.48,0.086
1954-12-01,3.559,0.147,13.62,0.08800000000000000
1955-01-01,3.412,0.152,13.717,0.086
1955-02-01,3.137,0.141,13.718,0.087
1955-03-01,4.585,0.121,14.179,0.083
1955-04-01,8.136000000000000,0.16,15.119000000000000,0.091
1955-05-01,11.192000000000000,0.209,15.882,0.1
1955-06-01,13.56,0.14800000000000000,16.555,0.087
1955-07-01,14.242,0.177,16.809,0.093
1955-08-01,14.283,0.21600000000000000,16.899,0.098
1955-09-01,11.954,0.162,16.148,0.08900000000000000
1955-10-01,9.735,0.107,15.333,0.08200000000000000
1955-11-01,5.973,0.135,14.211000000000000,0.081
1955-12-01,3.306,0.115,13.522,0.08
1956-01-01,2.4660000000000000,0.099,13.444,0.075
1956-02-01,2.781,0.168,13.626,0.086
1956-03-01,4.889000000000000,0.109,14.231,0.07400000000000000
1956-04-01,7.922000000000000,0.14400000000000000,15.029000000000000,0.08200000000000000
1956-05-01,10.721000000000000,0.195,15.823,0.094
1956-06-01,13.16,0.08900000000000000,16.472,0.078
1956-07-01,14.18,0.093,16.830000000000000,0.08200000000000000
1956-08-01,13.189,0.08200000000000000,16.605,0.075
1956-09-01,11.783,0.135,16.088,0.081
1956-10-01,8.928000000000000,0.093,15.159,0.075
1956-11-01,5.7380000000000000,0.134,14.261,0.078
1956-12-01,3.5980000000000000,0.109,13.704,0.076
1957-01-01,2.488,0.1,13.473,0.073
1957-02-01,3.12,0.108,13.804,0.07400000000000000
1957-03-01,5.0360000000000000,0.085,14.381000000000000,0.07
1957-04-01,8.366,0.187,15.324000000000000,0.087
1957-05-01,11.259,0.138,16.216000000000000,0.084
1957-06-01,13.783,0.193,16.878,0.091
1957-07-01,14.129000000000000,0.204,17.034000000000000,0.095
1957-08-01,14.082,0.252,17.049,0.101
1957-09-01,12.312000000000000,0.301,16.38,0.112
1957-10-01,9.496,0.13700000000000000,15.463,0.081
1957-11-01,6.391,0.104,14.516000000000000,0.073
1957-12-01,4.3280000000000000,0.087,13.971000000000000,0.07200000000000000
1958-01-01,3.5740000000000000,0.114,13.881000000000000,0.075
1958-02-01,3.695,0.173,14.071000000000000,0.08200000000000000
1958-03-01,5.453000000000000,0.084,14.547,0.069
1958-04-01,8.52,0.103,15.359000000000000,0.073
1958-05-01,11.519000000000000,0.08900000000000000,16.18,0.073
1958-06-01,13.187000000000000,0.106,16.619,0.07400000000000000
1958-07-01,14.438000000000000,0.199,17.039,0.093
1958-08-01,13.597000000000000,0.08200000000000000,16.832,0.07
1958-09-01,11.845,0.07200000000000000,16.284000000000000,0.07400000000000000
1958-10-01,9.375,0.092,15.437,0.07400000000000000
1958-11-01,6.26,0.06,14.507,0.067
1958-12-01,3.822,0.078,13.829,0.07
1959-01-01,2.9590000000000000,0.077,13.636,0.069
1959-02-01,3.33,0.126,13.873,0.07200000000000000
1959-03-01,5.854,0.199,14.612,0.08800000000000000
1959-04-01,8.819000000000000,0.179,15.439,0.08200000000000000
1959-05-01,11.323,0.062,16.122,0.071
1959-06-01,13.577,0.063,16.776,0.07
1959-07-01,14.449000000000000,0.131,17.002,0.08200000000000000
1959-08-01,13.853,0.084,16.908,0.068
1959-09-01,11.946,0.118,16.278,0.07400000000000000
1959-10-01,9.16,0.115,15.405,0.076
1959-11-01,5.752000000000000,0.077,14.272,0.068
1959-12-01,3.77,0.055,13.763,0.067
1960-01-01,2.713,0.086,13.553,0.067
1960-02-01,3.798,0.125,13.956,0.07
1960-03-01,4.303,0.077,14.145,0.066
1960-04-01,8.133,0.08800000000000000,15.19,0.066
1960-05-01,10.872,0.156,15.956,0.079
1960-06-01,13.484000000000000,0.08,16.67,0.071
1960-07-01,14.198,0.07200000000000000,16.985,0.07
1960-08-01,13.825,0.079,16.969,0.069
1960-09-01,12.095,0.099,16.382,0.069
1960-10-01,9.497,0.063,15.456,0.068
1960-11-01,5.828000000000000,0.141,14.313000000000000,0.073
1960-12-01,4.2590000000000000,0.056,13.928000000000000,0.064
1961-01-01,2.926,0.08900000000000000,13.664000000000000,0.064
1961-02-01,3.6830000000000000,0.125,14.058,0.067
1961-03-01,5.5890000000000000,0.049,14.609000000000000,0.062
1961-04-01,8.631,0.116,15.444,0.068
1961-05-01,11.624,0.104,16.241,0.071
1961-06-01,13.702,0.154,16.810000000000000,0.079
1961-07-01,14.288,0.079,16.987000000000000,0.071
1961-08-01,13.849,0.142,16.917,0.07200000000000000
1961-09-01,12.247,0.069,16.309,0.063
1961-10-01,9.328,0.138,15.401,0.071
1961-11-01,6.205,0.06,14.437000000000000,0.059
1961-12-01,3.5,0.039,13.682,0.059
1962-01-01,3.003,0.075,13.655,0.06
1962-02-01,3.696,0.064,14.003,0.059
1962-03-01,5.53,0.128,14.522,0.069
1962-04-01,8.54,0.17800000000000000,15.353,0.076
1962-05-01,11.128,0.062,16.041,0.068
1962-06-01,13.427,0.267,16.679000000000000,0.099
1962-07-01,14.205,0.07400000000000000,16.952,0.068
1962-08-01,13.713,0.103,16.830000000000000,0.065
1962-09-01,12.018,0.255,16.246,0.094
1962-10-01,9.468,0.202,15.429,0.084
1962-11-01,6.2830000000000000,0.119,14.421,0.067
1962-12-01,3.94,0.068,13.776,0.061
1963-01-01,2.901,0.08,13.594000000000000,0.063
1963-02-01,4.02,0.108,14.014,0.064
1963-03-01,5.0970000000000000,0.102,14.357000000000000,0.063
1963-04-01,8.173,0.058,15.216,0.059
1963-05-01,11.045,0.102,16.05,0.069
1963-06-01,13.412,0.097,16.675,0.068
1963-07-01,14.506000000000000,0.098,17.089000000000000,0.077
1963-08-01,14.309000000000000,0.061,17.061,0.07
1963-09-01,12.555,0.126,16.48,0.075
1963-10-01,9.943,0.099,15.587,0.07400000000000000
1963-11-01,6.561,0.095,14.58,0.07
1963-12-01,3.75,0.08200000000000000,13.817,0.068
1964-01-01,2.881,0.171,13.595,0.076
1964-02-01,3.028,0.116,13.73,0.064
1964-03-01,4.865,0.076,14.256000000000000,0.062
1964-04-01,7.922000000000000,0.077,15.062000000000000,0.063
1964-05-01,10.905,0.084,15.856,0.066
1964-06-01,13.459000000000000,0.068,16.591000000000000,0.064
1964-07-01,14.301000000000000,0.125,16.784000000000000,0.073
1964-08-01,13.678000000000000,0.17800000000000000,16.634,0.078
1964-09-01,11.604000000000000,0.065,16.002,0.06
1964-10-01,8.832000000000000,0.063,15.171,0.061
1964-11-01,5.9830000000000000,0.041,14.202,0.056
1964-12-01,3.458,0.046,13.522,0.059
1965-01-01,2.862,0.069,13.545,0.061
1965-02-01,3.036,0.084,13.698,0.061
1965-03-01,5.182,0.125,14.285,0.068
1965-04-01,7.990000000000000,0.078,15.095,0.061
1965-05-01,11.222000000000000,0.174,16.007,0.079
1965-06-01,13.308,0.223,16.532,0.087
1965-07-01,14.078,0.139,16.762,0.076
1965-08-01,13.807,0.086,16.803,0.065
1965-09-01,11.73,0.083,16.154,0.064
1965-10-01,9.488,0.07,15.406000000000000,0.063
1965-11-01,5.86,0.076,14.287,0.06
1965-12-01,3.766,0.099,13.775,0.062
1966-01-01,2.49,0.059,13.495,0.057
1966-02-01,3.29,0.111,13.81,0.062
1966-03-01,5.527,0.125,14.445,0.066
1966-04-01,8.161,0.068,15.254000000000000,0.059
1966-05-01,11.2,0.064,15.987,0.061
1966-06-01,13.587,0.161,16.693000000000000,0.076
1966-07-01,14.569,0.112,17.033,0.07
1966-08-01,13.731,0.101,16.826,0.068
1966-09-01,12.133,0.107,16.273,0.069
1966-10-01,9.153,0.073,15.315,0.061
1966-11-01,5.969000000000000,0.07400000000000000,14.362,0.058
1966-12-01,3.382,0.052000000000000000,13.683,0.057
1967-01-01,2.71,0.07,13.527000000000000,0.055
1967-02-01,2.905,0.126,13.688000000000000,0.064
1967-03-01,5.396,0.079,14.465,0.057
1967-04-01,8.458,0.11,15.3,0.061
1967-05-01,11.632,0.077,16.279,0.061
1967-06-01,13.194,0.071,16.665000000000000,0.057
1967-07-01,14.331,0.16900000000000000,16.97,0.078
1967-08-01,13.821,0.107,16.84,0.064
1967-09-01,12.054000000000000,0.058,16.244,0.06
1967-10-01,9.809,0.045,15.469,0.056
1967-11-01,6.176,0.042,14.353,0.048
1967-12-01,3.915,0.05,13.73,0.05
1968-01-01,2.353,0.094,13.389000000000000,0.054000000000000000
1968-02-01,3.245,0.124,13.724,0.059
1968-03-01,6.117000000000000,0.069,14.581,0.052000000000000000
1968-04-01,8.455,0.14300000000000000,15.261,0.064
1968-05-01,11.068,0.111,15.99,0.062
1968-06-01,13.204,0.187,16.696000000000000,0.073
1968-07-01,14.026,0.08900000000000000,16.887,0.058
1968-08-01,13.524000000000000,0.08,16.794,0.057
1968-09-01,11.62,0.19,16.155,0.076
1968-10-01,9.453,0.138,15.481,0.066
1968-11-01,5.891,0.062,14.418,0.051
1968-12-01,3.24,0.053,13.791000000000000,0.05
1969-01-01,1.966,0.053,13.518,0.048
1969-02-01,2.45,0.092,13.747,0.052000000000000000
1969-03-01,5.131,0.106,14.576,0.056
1969-04-01,8.576000000000000,0.125,15.518,0.062
1969-05-01,11.354000000000000,0.077,16.329,0.053
1969-06-01,13.475,0.119,16.830000000000000,0.062
1969-07-01,14.218,0.109,16.924,0.059
1969-08-01,13.804,0.08,16.945,0.056
1969-09-01,12.048,0.057,16.337,0.053
1969-10-01,9.489,0.065,15.445,0.056
1969-11-01,6.42,0.053,14.524,0.051
1969-12-01,4.21,0.086,13.993,0.054000000000000000
1970-01-01,2.8360000000000000,0.084,13.711,0.052000000000000000
1970-02-01,3.735,0.08200000000000000,14.022,0.053
1970-03-01,5.272,0.114,14.503,0.058
1970-04-01,8.603,0.066,15.44,0.051
1970-05-01,11.206,0.099,16.104,0.055
1970-06-01,13.513,0.086,16.672,0.056
1970-07-01,14.395,0.1,16.912,0.058
1970-08-01,13.658,0.062,16.748,0.052000000000000000
1970-09-01,12.277000000000000,0.063,16.335,0.055
1970-10-01,9.348,0.042,15.42,0.051
1970-11-01,6.047000000000000,0.059,14.418,0.05
1970-12-01,3.5210000000000000,0.05,13.707,0.048
1971-01-01,2.967,0.101,13.615,0.054000000000000000
1971-02-01,2.867,0.17,13.627,0.067
1971-03-01,5.001,0.063,14.254000000000000,0.049
1971-04-01,8.339000000000000,0.067,15.227,0.049
1971-05-01,11.211,0.112,15.963,0.058
1971-06-01,13.099,0.104,16.539,0.059
1971-07-01,14.139000000000000,0.106,16.846,0.061
1971-08-01,13.879000000000000,0.076,16.752,0.056
1971-09-01,12.139000000000000,0.129,16.22,0.062
1971-10-01,9.388,0.106,15.298,0.056
1971-11-01,6.295,0.076,14.399,0.052000000000000000
1971-12-01,3.867,0.065,13.66,0.051
1972-01-01,1.882,0.086,13.298,0.053
1972-02-01,2.609,0.105,13.644,0.054000000000000000
1972-03-01,5.287000000000000,0.05,14.446,0.048
1972-04-01,8.337,0.067,15.291,0.051
1972-05-01,11.155,0.091,16.095,0.058
1972-06-01,13.501,0.113,16.729000000000000,0.061
1972-07-01,14.231,0.118,16.956,0.063
1972-08-01,14.171,0.096,16.978000000000000,0.057
1972-09-01,11.901,0.126,16.27,0.061
1972-10-01,9.346,0.141,15.438000000000000,0.064
1972-11-01,5.7970000000000000,0.079,14.419,0.05
1972-12-01,3.778,0.07200000000000000,13.951000000000000,0.05
1973-01-01,3.0380000000000000,0.092,13.774000000000000,0.052000000000000000
1973-02-01,3.898,0.161,14.14,0.064
1973-03-01,5.82,0.096,14.663,0.052000000000000000
1973-04-01,8.938000000000000,0.103,15.528,0.055
1973-05-01,11.769000000000000,0.08200000000000000,16.288,0.053
1973-06-01,13.824000000000000,0.085,16.795,0.052000000000000000
1973-07-01,14.435,0.129,17.002,0.061
1973-08-01,13.869000000000000,0.151,16.889,0.062
1973-09-01,12.125,0.081,16.267,0.054000000000000000
1973-10-01,9.609,0.064,15.419,0.053
1973-11-01,6.222,0.083,14.381000000000000,0.05
1973-12-01,3.832,0.08200000000000000,13.711000000000000,0.051
1974-01-01,2.261,0.096,13.3,0.052000000000000000
1974-02-01,2.582,0.127,13.49,0.057
1974-03-01,5.19,0.114,14.267000000000000,0.054000000000000000
1974-04-01,8.386000000000000,0.091,15.182,0.053
1974-05-01,11.198,0.087,15.957,0.053
1974-06-01,13.382,0.131,16.616,0.063
1974-07-01,14.288,0.059,16.846,0.053
1974-08-01,14.016000000000000,0.105,16.912,0.06
1974-09-01,11.744000000000000,0.135,16.197,0.065
1974-10-01,9.098,0.059,15.274,0.051
1974-11-01,5.915,0.123,14.32,0.057
1974-12-01,3.55,0.127,13.656000000000000,0.057
1975-01-01,3.0590000000000000,0.078,13.621,0.051
1975-02-01,3.395,0.107,13.857,0.053
1975-03-01,5.706,0.07,14.538,0.048
1975-04-01,8.584,0.066,15.297,0.049
1975-05-01,11.742,0.087,16.136,0.054000000000000000
1975-06-01,13.557,0.109,16.682000000000000,0.057
1975-07-01,14.351000000000000,0.096,16.877,0.059
1975-08-01,13.514000000000000,0.219,16.665,0.079
1975-09-01,12.152000000000000,0.127,16.216000000000000,0.061
1975-10-01,9.318,0.064,15.292,0.053
1975-11-01,5.893,0.056,14.126,0.049
1975-12-01,3.667,0.086,13.557,0.051
1976-01-01,2.884,0.068,13.442,0.05
1976-02-01,3.031,0.069,13.619000000000000,0.05
1976-03-01,4.5170000000000000,0.06,14.124,0.049
1976-04-01,8.294000000000000,0.086,15.135,0.053
1976-05-01,10.942000000000000,0.163,15.778000000000000,0.067
1976-06-01,13.086,0.103,16.448,0.06
1976-07-01,14.155,0.18,16.864,0.073
1976-08-01,13.511,0.17,16.671,0.07200000000000000
1976-09-01,11.895,0.053,16.185,0.056
1976-10-01,8.511000000000000,0.111,15.167,0.059
1976-11-01,5.66,0.062,14.299000000000000,0.05
1976-12-01,3.681,0.08200000000000000,13.841,0.05
1977-01-01,2.492,0.087,13.647000000000000,0.05
1977-02-01,3.471,0.12,14.001,0.056
1977-03-01,5.702000000000000,0.11,14.639000000000000,0.055
1977-04-01,8.85,0.064,15.47,0.049
1977-05-01,11.78,0.133,16.286000000000000,0.061
1977-06-01,13.876,0.11,16.846,0.056
1977-07-01,14.631000000000000,0.111,17.047,0.06
1977-08-01,14.09,0.078,16.979,0.053
1977-09-01,11.862000000000000,0.065,16.312,0.054000000000000000
1977-10-01,9.156,0.041,15.387,0.049
1977-11-01,6.5440000000000000,0.062,14.544,0.048
1977-12-01,3.7490000000000000,0.035,13.741,0.045
1978-01-01,2.705,0.095,13.587,0.054000000000000000
1978-02-01,3.4560000000000000,0.13700000000000000,13.904000000000000,0.06
1978-03-01,5.607,0.097,14.555,0.052000000000000000
1978-04-01,8.791000000000000,0.08800000000000000,15.372,0.05
1978-05-01,11.414000000000000,0.139,16.101,0.061
1978-06-01,13.22,0.106,16.601000000000000,0.057
1978-07-01,14.364,0.158,16.935,0.067
1978-08-01,13.297,0.099,16.623,0.056
1978-09-01,12.03,0.096,16.281,0.058
1978-10-01,9.339,0.08200000000000000,15.337,0.054000000000000000
1978-11-01,6.3500000000000000,0.081,14.522,0.05
1978-12-01,3.74,0.068,13.793,0.047
1979-01-01,2.6790000000000000,0.083,13.63,0.048
1979-02-01,2.841,0.08900000000000000,13.768000000000000,0.047
1979-03-01,5.474,0.102,14.565,0.051
1979-04-01,8.455,0.078,15.391000000000000,0.046
1979-05-01,11.199000000000000,0.149,16.076,0.058
1979-06-01,13.487,0.067,16.772000000000000,0.043
1979-07-01,14.114,0.054000000000000000,16.992,0.042
1979-08-01,13.833,0.087,16.978000000000000,0.046
1979-09-01,12.247,0.091,16.45,0.048
1979-10-01,9.586,0.09,15.557,0.049
1979-11-01,6.2860000000000000,0.079,14.609000000000000,0.047
1979-12-01,4.6,0.068,14.182,0.045
1980-01-01,2.9560000000000000,0.087,13.812000000000000,0.049
1980-02-01,3.6520000000000000,0.099,14.112,0.05
1980-03-01,5.367000000000000,0.103,14.646,0.052000000000000000
1980-04-01,8.935000000000000,0.106,15.578,0.052000000000000000
1980-05-01,11.77,0.08900000000000000,16.314,0.05
1980-06-01,13.582,0.134,16.806000000000000,0.058
1980-07-01,14.742,0.14400000000000000,17.171,0.06
1980-08-01,14.189,0.221,17.049,0.077
1980-09-01,12.321,0.08,16.427,0.051
1980-10-01,9.55,0.064,15.45,0.048
1980-11-01,6.684,0.094,14.645,0.051
1980-12-01,4.016,0.059,13.892000000000000,0.046
1981-01-01,3.785,0.121,13.963,0.055
1981-02-01,4.021,0.139,14.073,0.059
1981-03-01,6.239,0.035,14.769,0.045
1981-04-01,8.953,0.08,15.432,0.05
1981-05-01,11.565,0.084,16.198,0.049
1981-06-01,13.765,0.122,16.932000000000000,0.058
1981-07-01,14.738,0.08200000000000000,17.217,0.054000000000000000
1981-08-01,14.502,0.099,17.123,0.055
1981-09-01,12.236,0.118,16.466000000000000,0.058
1981-10-01,9.394,0.059,15.453,0.05
1981-11-01,6.273,0.058,14.47,0.047
1981-12-01,4.519,0.05,14.098000000000000,0.048
1982-01-01,2.5580000000000000,0.08,13.587,0.053
1982-02-01,3.281,0.077,13.852,0.053
1982-03-01,4.873,0.087,14.337,0.054000000000000000
1982-04-01,8.465,0.093,15.33,0.054000000000000000
1982-05-01,11.348,0.09,16.144000000000000,0.054000000000000000
1982-06-01,13.245,0.071,16.625,0.053
1982-07-01,14.545,0.073,17.0,0.058
1982-08-01,13.796,0.067,16.867,0.054000000000000000
1982-09-01,12.039000000000000,0.067,16.354,0.055
1982-10-01,9.232000000000000,0.066,15.493,0.054000000000000000
1982-11-01,5.961,0.111,14.446,0.057
1982-12-01,4.327,0.11,14.068,0.058
1983-01-01,3.4450000000000000,0.115,13.979000000000000,0.057
1983-02-01,3.8140000000000000,0.173,14.169,0.068
1983-03-01,5.699,0.09,14.683,0.053
1983-04-01,8.693,0.05,15.468,0.048
1983-05-01,11.729000000000000,0.106,16.34,0.056
1983-06-01,13.478,0.124,16.786000000000000,0.061
1983-07-01,14.408,0.07,17.068000000000000,0.054000000000000000
1983-08-01,14.302,0.061,17.145,0.052000000000000000
1983-09-01,12.698,0.098,16.573,0.059
1983-10-01,9.478,0.096,15.498,0.058
1983-11-01,6.7650000000000000,0.091,14.648,0.054000000000000000
1983-12-01,3.829,0.054000000000000000,13.886,0.05
1984-01-01,2.9410000000000000,0.081,13.701,0.052000000000000000
1984-02-01,3.093,0.101,13.878,0.056
1984-03-01,5.671,0.084,14.608,0.056
1984-04-01,8.432000000000000,0.163,15.37,0.068
1984-05-01,11.976,0.061,16.295000000000000,0.052000000000000000
1984-06-01,13.387,0.191,16.668000000000000,0.073
1984-07-01,14.429,0.13700000000000000,16.961000000000000,0.063
1984-08-01,13.984000000000000,0.085,16.972,0.054000000000000000
1984-09-01,12.015,0.07400000000000000,16.385,0.053
1984-10-01,9.378,0.08200000000000000,15.368,0.054000000000000000
1984-11-01,5.811,0.106,14.32,0.055
1984-12-01,3.185,0.066,13.604,0.05
1985-01-01,3.01,0.08200000000000000,13.678,0.052000000000000000
1985-02-01,2.704,0.085,13.731,0.051
1985-03-01,5.4510000000000000,0.06,14.526,0.05
1985-04-01,8.633,0.085,15.356,0.054000000000000000
1985-05-01,11.426000000000000,0.066,16.136,0.05
1985-06-01,13.569,0.187,16.713,0.07
1985-07-01,13.973000000000000,0.087,16.906,0.051
1985-08-01,14.059000000000000,0.087,17.013000000000000,0.05
1985-09-01,11.98,0.08,16.357,0.054000000000000000
1985-10-01,9.338,0.08900000000000000,15.476000000000000,0.054000000000000000
1985-11-01,5.968,0.104,14.388,0.055
1985-12-01,3.785,0.107,13.808,0.056
1986-01-01,3.315,0.117,13.724,0.057
1986-02-01,3.991,0.113,14.084,0.056
1986-03-01,5.755,0.048,14.608,0.049
1986-04-01,8.871000000000000,0.086,15.452,0.054000000000000000
1986-05-01,11.581,0.066,16.163,0.049
1986-06-01,13.439,0.06,16.696000000000000,0.05
1986-07-01,14.293,0.06,16.991,0.05
1986-08-01,13.972000000000000,0.059,16.938,0.05
1986-09-01,11.817000000000000,0.14300000000000000,16.285,0.063
1986-10-01,9.299,0.096,15.455,0.054000000000000000
1986-11-01,5.9190000000000000,0.1,14.407,0.055
1986-12-01,3.7510000000000000,0.07200000000000000,13.805,0.052000000000000000
1987-01-01,3.139,0.115,13.758,0.058
1987-02-01,4.1340000000000000,0.091,14.161,0.053
1987-03-01,5.245,0.076,14.538,0.051
1987-04-01,8.595000000000000,0.078,15.447000000000000,0.052000000000000000
1987-05-01,11.525,0.065,16.252,0.051
1987-06-01,13.927,0.068,16.900000000000000,0.051
1987-07-01,14.89,0.14400000000000000,17.296,0.063
1987-08-01,13.896000000000000,0.127,17.061,0.06
1987-09-01,12.447000000000000,0.075,16.569000000000000,0.053
1987-10-01,9.59,0.077,15.621000000000000,0.051
1987-11-01,6.056,0.052000000000000000,14.561,0.049
1987-12-01,4.489,0.054000000000000000,14.13,0.048
1988-01-01,3.4540000000000000,0.07,13.978,0.052000000000000000
1988-02-01,3.4220000000000000,0.095,14.064,0.052000000000000000
1988-03-01,5.931,0.085,14.778,0.054000000000000000
1988-04-01,8.992000000000000,0.066,15.593,0.051
1988-05-01,11.852,0.091,16.348,0.054000000000000000
1988-06-01,14.099,0.098,16.976000000000000,0.057
1988-07-01,14.798,0.068,17.179000000000000,0.051
1988-08-01,14.553000000000000,0.122,17.173000000000000,0.059
1988-09-01,12.681,0.07200000000000000,16.553,0.053
1988-10-01,9.979,0.062,15.639,0.052000000000000000
1988-11-01,6.295,0.07400000000000000,14.465,0.052000000000000000
1988-12-01,4.363,0.058,13.923,0.052000000000000000
1989-01-01,2.71,0.108,13.566,0.058
1989-02-01,3.627,0.095,13.978000000000000,0.055
1989-03-01,5.792000000000000,0.099,14.607000000000000,0.057
1989-04-01,8.689,0.104,15.422,0.057
1989-05-01,11.28,0.094,16.121,0.056
1989-06-01,13.447000000000000,0.126,16.725,0.063
1989-07-01,14.612,0.084,17.150000000000000,0.058
1989-08-01,14.135,0.064,17.051000000000000,0.052000000000000000
1989-09-01,12.403,0.101,16.5,0.059
1989-10-01,9.76,0.061,15.597,0.051
1989-11-01,6.179000000000000,0.06,14.524,0.052000000000000000
1989-12-01,4.43,0.06,14.058,0.053
1990-01-01,3.2430000000000000,0.09,13.891000000000000,0.057
1990-02-01,3.6430000000000000,0.087,14.143000000000000,0.056
1990-03-01,6.73,0.099,15.005,0.058
1990-04-01,9.169,0.059,15.683,0.052000000000000000
1990-05-01,11.831,0.071,16.397000000000000,0.054000000000000000
1990-06-01,13.893,0.087,16.995,0.054000000000000000
1990-07-01,14.784,0.14,17.246000000000000,0.065
1990-08-01,14.095,0.05,17.11,0.054000000000000000
1990-09-01,12.195,0.106,16.465,0.063
1990-10-01,9.882,0.036000000000000000,15.747,0.053
1990-11-01,6.92,0.132,14.77,0.065
1990-12-01,4.425,0.079,14.1,0.056
1991-01-01,3.1950000000000000,0.066,13.859000000000000,0.056
1991-02-01,4.0440000000000000,0.087,14.201000000000000,0.057
1991-03-01,5.574,0.076,14.689,0.056
1991-04-01,9.226,0.04,15.716,0.055
1991-05-01,11.616,0.062,16.37,0.054000000000000000
1991-06-01,14.263,0.07400000000000000,17.052,0.057
1991-07-01,14.987,0.055,17.348,0.053
1991-08-01,14.319,0.057,17.163,0.055
1991-09-01,12.677,0.053,16.572,0.056
1991-10-01,9.753,0.064,15.619000000000000,0.055
1991-11-01,6.44,0.07,14.607000000000000,0.055
1991-12-01,4.059,0.041,13.98,0.052000000000000000
1992-01-01,3.5790000000000000,0.084,13.961,0.058
1992-02-01,3.931,0.14800000000000000,14.181,0.067
1992-03-01,5.952000000000000,0.069,14.771,0.056
1992-04-01,8.572000000000000,0.061,15.51,0.055
1992-05-01,11.535000000000000,0.073,16.319000000000000,0.059
1992-06-01,13.576,0.066,16.886000000000000,0.058
1992-07-01,14.139000000000000,0.081,17.001000000000000,0.057
1992-08-01,13.766000000000000,0.084,16.900000000000000,0.057
1992-09-01,11.672,0.049,16.243,0.053
1992-10-01,9.353,0.047,15.419,0.054000000000000000
1992-11-01,5.889000000000000,0.083,14.343,0.056
1992-12-01,4.075,0.155,13.902,0.068
1993-01-01,3.301,0.096,13.896,0.062
1993-02-01,3.745,0.097,14.085,0.06
1993-03-01,5.923000000000000,0.094,14.725,0.061
1993-04-01,8.69,0.046,15.482000000000000,0.055
1993-05-01,11.475,0.056,16.231000000000000,0.056
1993-06-01,13.518,0.075,16.859,0.058
1993-07-01,14.595,0.11,17.155,0.062
1993-08-01,13.835,0.065,16.926000000000000,0.058
1993-09-01,11.93,0.102,16.381,0.062
1993-10-01,9.614,0.064,15.543,0.058
1993-11-01,5.7380000000000000,0.09,14.41,0.059
1993-12-01,4.035,0.081,13.904000000000000,0.059
1994-01-01,3.0240000000000000,0.063,13.731,0.057
1994-02-01,2.81,0.105,13.773,0.062
1994-03-01,5.731,0.071,14.713,0.058
1994-04-01,9.018,0.044,15.584000000000000,0.057
1994-05-01,11.684000000000000,0.08,16.348,0.06
1994-06-01,14.144,0.087,17.021,0.061
1994-07-01,14.658,0.076,17.183,0.059
1994-08-01,13.977,0.051,17.036000000000000,0.055
1994-09-01,12.516000000000000,0.068,16.498,0.058
1994-10-01,10.002,0.077,15.743,0.06
1994-11-01,6.788000000000000,0.064,14.754000000000000,0.056
1994-12-01,4.113,0.065,14.036,0.06
1995-01-01,3.54,0.057,13.945,0.06
1995-02-01,4.656000000000000,0.083,14.388,0.062
1995-03-01,5.956,0.077,14.783,0.061
1995-04-01,8.972000000000000,0.078,15.587,0.061
1995-05-01,11.57,0.063,16.279,0.057
1995-06-01,14.164000000000000,0.08800000000000000,17.008000000000000,0.061
1995-07-01,15.116,0.079,17.375,0.061
1995-08-01,14.636,0.08800000000000000,17.297,0.061
1995-09-01,12.565,0.087,16.580000000000000,0.06
1995-10-01,10.106,0.086,15.748,0.062
1995-11-01,6.761,0.087,14.713,0.06
1995-12-01,4.123,0.044,13.951000000000000,0.059
1996-01-01,2.862,0.08800000000000000,13.721000000000000,0.059
1996-02-01,4.0120000000000000,0.118,14.207,0.064
1996-03-01,5.524,0.085,14.658,0.059
1996-04-01,8.679,0.073,15.541,0.057
1996-05-01,11.588,0.106,16.272000000000000,0.063
1996-06-01,13.681,0.091,16.847,0.058
1996-07-01,14.827,0.097,17.22,0.061
1996-08-01,14.603,0.073,17.21,0.059
1996-09-01,12.294,0.053,16.444000000000000,0.056
1996-10-01,9.525,0.097,15.516000000000000,0.061
1996-11-01,6.5470000000000000,0.078,14.607000000000000,0.059
1996-12-01,4.325,0.058,14.053000000000000,0.058
1997-01-01,3.165,0.083,13.818,0.058
1997-02-01,3.766,0.093,14.178000000000000,0.059
1997-03-01,6.0120000000000000,0.139,14.873,0.068
1997-04-01,8.891,0.054000000000000000,15.634,0.055
1997-05-01,11.593,0.07200000000000000,16.388000000000000,0.056
1997-06-01,14.131000000000000,0.066,17.158,0.056
1997-07-01,14.565,0.132,17.307000000000000,0.065
1997-08-01,14.256000000000000,0.091,17.266000000000000,0.059
1997-09-01,12.685,0.105,16.766000000000000,0.061
1997-10-01,10.109,0.07,15.935,0.056
1997-11-01,6.841,0.096,14.952,0.06
1997-12-01,4.417,0.062,14.291000000000000,0.057
1998-01-01,3.3520000000000000,0.076,14.063,0.063
1998-02-01,4.8260000000000000,0.106,14.611000000000000,0.066
1998-03-01,6.023,0.08200000000000000,14.958,0.065
1998-04-01,9.358,0.05,15.884,0.062
1998-05-01,12.291,0.083,16.671,0.062
1998-06-01,14.521,0.114,17.289,0.066
1998-07-01,15.34,0.07400000000000000,17.609,0.062
1998-08-01,14.874,0.07400000000000000,17.491,0.062
1998-09-01,12.673000000000000,0.047,16.657,0.061
1998-10-01,9.941,0.055,15.768000000000000,0.064
1998-11-01,6.404,0.081,14.697,0.062
1998-12-01,4.6690000000000000,0.045,14.214,0.061
1999-01-01,3.5440000000000000,0.07,13.933,0.063
1999-02-01,4.694,0.08900000000000000,14.367,0.065
1999-03-01,5.53,0.102,14.676000000000000,0.069
1999-04-01,8.838,0.064,15.572000000000000,0.064
1999-05-01,11.706,0.045,16.298,0.061
1999-06-01,14.031,0.07200000000000000,16.957,0.062
1999-07-01,14.853,0.101,17.218,0.064
1999-08-01,14.348000000000000,0.08900000000000000,17.1,0.063
1999-09-01,12.723,0.056,16.605,0.059
1999-10-01,9.997,0.095,15.675,0.063
1999-11-01,6.5920000000000000,0.083,14.673,0.063
1999-12-01,4.565,0.085,14.13,0.064
2000-01-01,2.95,0.091,13.773,0.064
2000-02-01,4.184,0.093,14.266000000000000,0.065
2000-03-01,6.219000000000000,0.12,14.846000000000000,0.069
2000-04-01,9.552,0.075,15.762,0.062
2000-05-01,11.874,0.064,16.395,0.061
2000-06-01,14.06,0.1,17.0,0.067
2000-07-01,14.848000000000000,0.12,17.242,0.066
2000-08-01,14.519,0.086,17.243000000000000,0.063
2000-09-01,12.547,0.058,16.613,0.061
2000-10-01,9.486,0.047,15.588,0.06
2000-11-01,6.312,0.084,14.632,0.062
2000-12-01,3.863,0.064,13.968,0.062
2001-01-01,3.3360000000000000,0.077,13.936,0.063
2001-02-01,3.72,0.109,14.179,0.067
2001-03-01,6.208000000000000,0.058,14.982000000000000,0.062
2001-04-01,9.245,0.098,15.808,0.066
2001-05-01,12.271,0.105,16.569000000000000,0.066
2001-06-01,14.11,0.085,17.151,0.063
2001-07-01,15.161,0.101,17.45,0.065
2001-08-01,14.427,0.115,17.294,0.068
2001-09-01,12.736,0.087,16.758,0.065
2001-10-01,9.935,0.073,15.831,0.064
2001-11-01,7.319,0.086,15.011,0.064
2001-12-01,4.507,0.055,14.241,0.062
2002-01-01,4.026,0.065,14.258,0.062
2002-02-01,4.704,0.078,14.505,0.065
2002-03-01,6.772,0.034,15.198,0.064
2002-04-01,9.229,0.049,15.818,0.062
2002-05-01,12.248,0.081,16.605,0.062
2002-06-01,14.084000000000000,0.052000000000000000,17.110000000000000,0.06
2002-07-01,15.354,0.077,17.487000000000000,0.062
2002-08-01,14.56,0.067,17.328,0.061
2002-09-01,12.95,0.103,16.799,0.065
2002-10-01,9.988,0.079,15.859000000000000,0.062
2002-11-01,6.892,0.12,14.856,0.067
2002-12-01,4.038,0.064,14.127,0.063
2003-01-01,3.9810000000000000,0.07,14.207,0.064
2003-02-01,4.085,0.097,14.359000000000000,0.065
2003-03-01,6.048000000000000,0.055,14.973,0.062
2003-04-01,9.154,0.07400000000000000,15.774000000000000,0.063
2003-05-01,12.153,0.095,16.567,0.063
2003-06-01,14.017000000000000,0.135,17.104000000000000,0.068
2003-07-01,14.983000000000000,0.184,17.423000000000000,0.078
2003-08-01,14.691,0.08900000000000000,17.402,0.063
2003-09-01,12.911,0.067,16.839000000000000,0.06
2003-10-01,10.424000000000000,0.085,15.997,0.063
2003-11-01,6.727,0.075,14.838,0.061
2003-12-01,5.133000000000000,0.062,14.436,0.062
2004-01-01,3.5250000000000000,0.062,14.097000000000000,0.059
2004-02-01,4.4990000000000000,0.104,14.488,0.065
2004-03-01,6.321000000000000,0.069,14.992,0.061
2004-04-01,9.249,0.057,15.811,0.061
2004-05-01,11.571,0.07,16.383,0.058
2004-06-01,13.889000000000000,0.097,17.006,0.063
2004-07-01,14.312000000000000,0.115,17.227,0.065
2004-08-01,14.188000000000000,0.104,17.266000000000000,0.063
2004-09-01,12.642000000000000,0.084,16.745,0.059
2004-10-01,10.127,0.091,15.889,0.061
2004-11-01,7.315,0.092,15.022,0.06
2004-12-01,4.257,0.056,14.161,0.06
2005-01-01,3.8080000000000000,0.064,14.159,0.059
2005-02-01,3.92,0.115,14.293,0.067
2005-03-01,6.5440000000000000,0.06,15.106,0.064
2005-04-01,9.618,0.052000000000000000,15.978,0.061
2005-05-01,12.226,0.09,16.629,0.061
2005-06-01,14.476,0.083,17.248,0.062
2005-07-01,15.19,0.094,17.503,0.063
2005-08-01,14.51,0.078,17.375,0.059
2005-09-01,13.217,0.08,16.903,0.059
2005-10-01,10.601,0.064,16.025000000000000,0.059
2005-11-01,7.423000000000000,0.068,15.005,0.058
2005-12-01,4.878,0.054000000000000000,14.327,0.058
2006-01-01,3.286,0.064,13.99,0.059
2006-02-01,4.43,0.118,14.435,0.066
2006-03-01,6.3290000000000000,0.077,14.966,0.062
2006-04-01,9.055,0.08900000000000000,15.729000000000000,0.061
2006-05-01,11.786,0.092,16.463,0.06
2006-06-01,14.443,0.093,17.216000000000000,0.06
2006-07-01,15.042,0.116,17.419,0.063
2006-08-01,14.913,0.107,17.479,0.061
2006-09-01,12.875,0.104,16.792,0.062
2006-10-01,10.289000000000000,0.077,15.935,0.06
2006-11-01,6.955,0.078,14.931,0.058
2006-12-01,4.987,0.065,14.407,0.06
2007-01-01,4.5790000000000000,0.059,14.417,0.057
2007-02-01,4.221,0.077,14.408,0.059
2007-03-01,6.485,0.113,15.017000000000000,0.065
2007-04-01,9.823,0.109,15.93,0.062
2007-05-01,12.518,0.07,16.629,0.055
2007-06-01,14.309000000000000,0.07200000000000000,17.168000000000000,0.056
2007-07-01,15.23,0.115,17.485,0.061
2007-08-01,14.752,0.113,17.339000000000000,0.061
2007-09-01,12.93,0.102,16.737000000000000,0.059
2007-10-01,10.332,0.1,15.867,0.06
2007-11-01,7.0840000000000000,0.085,14.821,0.057
2007-12-01,4.523,0.059,14.11,0.057
2008-01-01,2.8440000000000000,0.059,13.719000000000000,0.057
2008-02-01,3.576,0.068,14.061,0.059
2008-03-01,6.906000000000000,0.099,15.077,0.063
2008-04-01,9.295,0.083,15.735,0.058
2008-05-01,12.054000000000000,0.071,16.497,0.055
2008-06-01,14.145,0.097,17.077,0.058
2008-07-01,15.174000000000000,0.07200000000000000,17.449,0.054000000000000000
2008-08-01,14.377,0.113,17.282,0.06
2008-09-01,12.802,0.087,16.757,0.057
2008-10-01,10.399000000000000,0.078,15.931,0.056
2008-11-01,7.224,0.064,14.919,0.054000000000000000
2008-12-01,4.385,0.056,14.151,0.056
2009-01-01,3.687,0.078,14.091,0.058
2009-02-01,4.094000000000000,0.083,14.267,0.06
2009-03-01,6.086,0.058,14.873,0.06
2009-04-01,9.367,0.084,15.819,0.059
2009-05-01,12.112000000000000,0.104,16.571000000000000,0.06
2009-06-01,14.201,0.07400000000000000,17.26,0.057
2009-07-01,15.231,0.14800000000000000,17.578,0.067
2009-08-01,14.655,0.109,17.427,0.06
2009-09-01,13.153,0.05,16.864,0.053
2009-10-01,10.136000000000000,0.075,15.91,0.056
2009-11-01,7.031000000000000,0.087,14.968,0.057
2009-12-01,4.31,0.081,14.298,0.06
2010-01-01,3.737,0.079,14.208000000000000,0.06
2010-02-01,4.399,0.08,14.517,0.061
2010-03-01,6.7380000000000000,0.057,15.223,0.059
2010-04-01,9.671,0.087,16.039000000000000,0.06
2010-05-01,12.406,0.078,16.732,0.057
2010-06-01,14.421,0.086,17.271,0.057
2010-07-01,15.213,0.09,17.532,0.057
2010-08-01,14.768000000000000,0.112,17.412,0.061
2010-09-01,12.863,0.065,16.761,0.054000000000000000
2010-10-01,10.442,0.07,15.939,0.057
2010-11-01,7.487,0.102,14.995,0.06
2010-12-01,4.292,0.095,14.117,0.06
2011-01-01,3.282,0.08200000000000000,13.928,0.059
2011-02-01,3.7430000000000000,0.067,14.193,0.059
2011-03-01,6.101,0.064,14.88,0.06
2011-04-01,9.483,0.046,15.832,0.056
2011-05-01,11.986,0.056,16.523,0.056
2011-06-01,14.37,0.08200000000000000,17.203000000000000,0.058
2011-07-01,15.482000000000000,0.113,17.568000000000000,0.062
2011-08-01,15.012,0.091,17.475,0.059
2011-09-01,12.912,0.083,16.762,0.057
2011-10-01,10.352,0.087,15.873,0.059
2011-11-01,6.814,0.107,14.799000000000000,0.06
2011-12-01,4.6550000000000000,0.106,14.198,0.063
2012-01-01,3.157,0.085,13.859000000000000,0.06
2012-02-01,3.628,0.102,14.164,0.063
2012-03-01,6.023,0.054000000000000000,14.863,0.061
2012-04-01,9.676000000000000,0.055,15.881000000000000,0.059
2012-05-01,12.59,0.109,16.699000000000000,0.064
2012-06-01,14.492,0.078,17.252000000000000,0.06
2012-07-01,15.076000000000000,0.076,17.45,0.06
2012-08-01,14.72,0.069,17.42,0.06
2012-09-01,13.04,0.069,16.882,0.06
2012-10-01,10.428,0.098,16.019000000000000,0.063
2012-11-01,7.1560000000000000,0.116,15.001,0.064
2012-12-01,4.102,0.09,14.138,0.064
2013-01-01,3.685,0.097,14.117,0.064
2013-02-01,4.222,0.093,14.359000000000000,0.065
2013-03-01,6.261,0.09,14.952,0.066
2013-04-01,9.044,0.098,15.749,0.065
2013-05-01,12.195,0.104,16.609000000000000,0.065
2013-06-01,14.568,0.09,17.257,0.062
2013-07-01,15.003,0.126,17.503,0.068
2013-08-01,14.742,0.129,17.462,0.068
2013-09-01,13.154000000000000,0.104,16.894000000000000,0.064
2013-10-01,10.256000000000000,0.077,15.905,0.062
2013-11-01,7.4240000000000000,0.079,15.107000000000000,0.062
2013-12-01,4.724,0.085,14.339,0.065
2014-01-01,3.7320000000000000,0.075,14.136,0.064
2014-02-01,3.5,0.068,14.157,0.065
2014-03-01,6.378000000000000,0.098,15.09,0.068
2014-04-01,9.589,0.111,16.038,0.069
2014-05-01,12.582,0.068,16.804000000000000,0.059
2014-06-01,14.335,0.096,17.303,0.064
2014-07-01,14.873,0.078,17.508,0.061
2014-08-01,14.875,0.115,17.607,0.064
2014-09-01,13.091,0.086,16.975,0.059
2014-10-01,10.33,0.076,16.029,0.059
2014-11-01,6.713000000000000,0.121,14.899,0.064
2014-12-01,4.85,0.09,14.41,0.062
2015-01-01,3.881,0.13,14.255,0.066
2015-02-01,4.664,0.121,14.564,0.067
2015-03-01,6.74,0.06,15.193,0.061
2015-04-01,9.313,0.08800000000000000,15.962,0.061
2015-05-01,12.312000000000000,0.081,16.774,0.058
2015-06-01,14.505,0.068,17.39,0.057
2015-07-01,15.051000000000000,0.086,17.611,0.058
2015-08-01,14.755,0.07200000000000000,17.589000000000000,0.057
2015-09-01,12.999,0.079,17.049,0.058
2015-10-01,10.801000000000000,0.102,16.29,0.062
2015-11-01,7.433,0.119,15.252,0.063
2015-12-01,5.518,0.1,14.774,0.062